[{"model": "admin.logentry", "pk": 1, "fields": {"action_time": "2024-05-14T10:25:50.486Z", "user": 1, "content_type": 9, "object_id": "6", "object_repr": "6", "action_flag": 3, "change_message": ""}}, {"model": "admin.logentry", "pk": 2, "fields": {"action_time": "2024-05-14T10:25:50.491Z", "user": 1, "content_type": 9, "object_id": "5", "object_repr": "5", "action_flag": 3, "change_message": ""}}, {"model": "admin.logentry", "pk": 3, "fields": {"action_time": "2024-05-14T10:25:50.495Z", "user": 1, "content_type": 9, "object_id": "4", "object_repr": "4", "action_flag": 3, "change_message": ""}}, {"model": "admin.logentry", "pk": 4, "fields": {"action_time": "2024-05-14T10:25:50.500Z", "user": 1, "content_type": 9, "object_id": "3", "object_repr": "3", "action_flag": 3, "change_message": ""}}, {"model": "admin.logentry", "pk": 5, "fields": {"action_time": "2024-05-14T10:25:50.504Z", "user": 1, "content_type": 9, "object_id": "2", "object_repr": "2", "action_flag": 3, "change_message": ""}}, {"model": "admin.logentry", "pk": 6, "fields": {"action_time": "2024-05-14T10:25:50.509Z", "user": 1, "content_type": 9, "object_id": "1", "object_repr": "1", "action_flag": 3, "change_message": ""}}, {"model": "admin.logentry", "pk": 7, "fields": {"action_time": "2024-05-14T10:29:32.186Z", "user": 1, "content_type": 9, "object_id": "8", "object_repr": "8", "action_flag": 3, "change_message": ""}}, {"model": "admin.logentry", "pk": 8, "fields": {"action_time": "2024-05-14T10:29:32.192Z", "user": 1, "content_type": 9, "object_id": "7", "object_repr": "7", "action_flag": 3, "change_message": ""}}, {"model": "admin.logentry", "pk": 9, "fields": {"action_time": "2024-05-14T11:25:15.588Z", "user": 1, "content_type": 9, "object_id": "13", "object_repr": "13", "action_flag": 3, "change_message": ""}}, {"model": "admin.logentry", "pk": 10, "fields": {"action_time": "2024-05-14T11:25:15.594Z", "user": 1, "content_type": 9, "object_id": "12", "object_repr": "12", "action_flag": 3, "change_message": ""}}, {"model": "admin.logentry", "pk": 11, "fields": {"action_time": "2024-05-14T11:25:15.598Z", "user": 1, "content_type": 9, "object_id": "11", "object_repr": "11", "action_flag": 3, "change_message": ""}}, {"model": "admin.logentry", "pk": 12, "fields": {"action_time": "2024-05-14T11:25:15.603Z", "user": 1, "content_type": 9, "object_id": "10", "object_repr": "10", "action_flag": 3, "change_message": ""}}, {"model": "admin.logentry", "pk": 13, "fields": {"action_time": "2024-05-14T11:25:15.607Z", "user": 1, "content_type": 9, "object_id": "9", "object_repr": "9", "action_flag": 3, "change_message": ""}}, {"model": "admin.logentry", "pk": 14, "fields": {"action_time": "2024-05-20T16:10:21.658Z", "user": 1, "content_type": 8, "object_id": "11", "object_repr": "Andrey", "action_flag": 3, "change_message": ""}}, {"model": "admin.logentry", "pk": 15, "fields": {"action_time": "2024-05-20T16:10:21.664Z", "user": 1, "content_type": 8, "object_id": "10", "object_repr": "Andrey", "action_flag": 3, "change_message": ""}}, {"model": "admin.logentry", "pk": 16, "fields": {"action_time": "2024-05-20T16:15:22.910Z", "user": 1, "content_type": 8, "object_id": "12", "object_repr": "Andrey", "action_flag": 3, "change_message": ""}}, {"model": "admin.logentry", "pk": 17, "fields": {"action_time": "2024-05-21T15:29:18.111Z", "user": 1, "content_type": 10, "object_id": "1", "object_repr": "Ротэнбуро", "action_flag": 1, "change_message": "[{\"added\": {}}]"}}, {"model": "admin.logentry", "pk": 18, "fields": {"action_time": "2024-05-21T15:29:28.860Z", "user": 1, "content_type": 10, "object_id": "2", "object_repr": "Веник берёзовый", "action_flag": 1, "change_message": "[{\"added\": {}}]"}}, {"model": "admin.logentry", "pk": 19, "fields": {"action_time": "2024-05-21T15:29:37.099Z", "user": 1, "content_type": 10, "object_id": "3", "object_repr": "веник", "action_flag": 1, "change_message": "[{\"added\": {}}]"}}, {"model": "admin.logentry", "pk": 20, "fields": {"action_time": "2024-05-21T15:29:51.243Z", "user": 1, "content_type": 10, "object_id": "4", "object_repr": "Простыня", "action_flag": 1, "change_message": "[{\"added\": {}}]"}}, {"model": "admin.logentry", "pk": 21, "fields": {"action_time": "2024-05-21T15:29:59.808Z", "user": 1, "content_type": 10, "object_id": "5", "object_repr": "Полотенце", "action_flag": 1, "change_message": "[{\"added\": {}}]"}}, {"model": "admin.logentry", "pk": 22, "fields": {"action_time": "2024-05-21T15:30:11.948Z", "user": 1, "content_type": 10, "object_id": "6", "object_repr": "Халат", "action_flag": 1, "change_message": "[{\"added\": {}}]"}}, {"model": "admin.logentry", "pk": 23, "fields": {"action_time": "2024-05-21T15:30:22.107Z", "user": 1, "content_type": 10, "object_id": "7", "object_repr": "Тапки", "action_flag": 1, "change_message": "[{\"added\": {}}]"}}, {"model": "admin.logentry", "pk": 24, "fields": {"action_time": "2024-05-21T15:30:37.022Z", "user": 1, "content_type": 10, "object_id": "3", "object_repr": "Веник дубовый", "action_flag": 2, "change_message": "[{\"changed\": {\"fields\": [\"\\u041d\\u0430\\u0437\\u0432\\u0430\\u043d\\u0438\\u0435\"]}}]"}}, {"model": "admin.logentry", "pk": 25, "fields": {"action_time": "2024-05-25T11:38:29.996Z", "user": 1, "content_type": 7, "object_id": "25", "object_repr": "Запись  2024-05-25 20:00:00-22:00:00", "action_flag": 3, "change_message": ""}}, {"model": "admin.logentry", "pk": 26, "fields": {"action_time": "2024-05-25T11:38:47.665Z", "user": 1, "content_type": 7, "object_id": "24", "object_repr": "Запись  2024-05-24 11:00:00-23:00:00", "action_flag": 3, "change_message": ""}}, {"model": "admin.logentry", "pk": 27, "fields": {"action_time": "2024-05-25T11:38:47.672Z", "user": 1, "content_type": 7, "object_id": "23", "object_repr": "Запись  2024-05-24 15:00:00-16:00:00", "action_flag": 3, "change_message": ""}}, {"model": "admin.logentry", "pk": 28, "fields": {"action_time": "2024-05-25T11:38:47.677Z", "user": 1, "content_type": 7, "object_id": "22", "object_repr": "Запись  2024-05-24 13:00:00-14:00:00", "action_flag": 3, "change_message": ""}}, {"model": "admin.logentry", "pk": 29, "fields": {"action_time": "2024-05-25T11:38:47.682Z", "user": 1, "content_type": 7, "object_id": "21", "object_repr": "Запись  2024-05-24 17:00:00-18:00:00", "action_flag": 3, "change_message": ""}}, {"model": "admin.logentry", "pk": 30, "fields": {"action_time": "2024-05-25T11:39:35.727Z", "user": 1, "content_type": 7, "object_id": "19", "object_repr": "Запись  2024-05-21 13:00:00-14:00:00", "action_flag": 3, "change_message": ""}}, {"model": "admin.logentry", "pk": 31, "fields": {"action_time": "2024-05-28T18:52:09.132Z", "user": 1, "content_type": 10, "object_id": "1", "object_repr": "Ротэнбуро", "action_flag": 2, "change_message": "[{\"changed\": {\"fields\": [\"\\u0426\\u0435\\u043d\\u0430\"]}}]"}}, {"model": "admin.logentry", "pk": 32, "fields": {"action_time": "2024-05-28T19:11:53.349Z", "user": 1, "content_type": 10, "object_id": "1", "object_repr": "Ротэнбуро", "action_flag": 2, "change_message": "[{\"changed\": {\"fields\": [\"\\u0426\\u0435\\u043d\\u0430\"]}}]"}}, {"model": "admin.logentry", "pk": 33, "fields": {"action_time": "2024-05-30T11:54:08.304Z", "user": 1, "content_type": 10, "object_id": "1", "object_repr": "Ротэнбуро", "action_flag": 2, "change_message": "[{\"changed\": {\"fields\": [\"\\u0426\\u0435\\u043d\\u0430\"]}}]"}}, {"model": "admin.logentry", "pk": 34, "fields": {"action_time": "2024-05-30T12:28:48.864Z", "user": 1, "content_type": 10, "object_id": "1", "object_repr": "Ротэнбуро", "action_flag": 2, "change_message": "[{\"changed\": {\"fields\": [\"\\u0426\\u0435\\u043d\\u0430\"]}}]"}}, {"model": "admin.logentry", "pk": 35, "fields": {"action_time": "2024-06-01T16:54:08.271Z", "user": 1, "content_type": 7, "object_id": "63", "object_repr": "Запись  2024-06-12 13:00:00-16:00:00", "action_flag": 3, "change_message": ""}}, {"model": "admin.logentry", "pk": 36, "fields": {"action_time": "2024-06-01T16:54:08.276Z", "user": 1, "content_type": 7, "object_id": "59", "object_repr": "Запись  2024-06-12 19:00:00-21:00:00", "action_flag": 3, "change_message": ""}}, {"model": "admin.logentry", "pk": 37, "fields": {"action_time": "2024-06-01T17:14:04.828Z", "user": 1, "content_type": 7, "object_id": "66", "object_repr": "Запись  2024-06-11 18:00:00-21:00:00", "action_flag": 3, "change_message": ""}}, {"model": "admin.logentry", "pk": 38, "fields": {"action_time": "2024-06-01T17:54:52.280Z", "user": 1, "content_type": 7, "object_id": "68", "object_repr": "Запись  2024-06-11 21:00:00-23:00:00", "action_flag": 3, "change_message": ""}}, {"model": "admin.logentry", "pk": 39, "fields": {"action_time": "2024-06-01T18:03:12.533Z", "user": 1, "content_type": 7, "object_id": "69", "object_repr": "Запись  2024-06-11 21:00:00-23:00:00", "action_flag": 3, "change_message": ""}}, {"model": "admin.logentry", "pk": 40, "fields": {"action_time": "2024-06-01T18:20:12.963Z", "user": 1, "content_type": 7, "object_id": "70", "object_repr": "Запись  2024-06-11 21:00:00-23:00:00", "action_flag": 3, "change_message": ""}}, {"model": "admin.logentry", "pk": 41, "fields": {"action_time": "2024-06-01T18:20:12.969Z", "user": 1, "content_type": 7, "object_id": "67", "object_repr": "Запись  2024-06-11 17:00:00-20:00:00", "action_flag": 3, "change_message": ""}}, {"model": "admin.logentry", "pk": 42, "fields": {"action_time": "2024-06-01T18:20:12.973Z", "user": 1, "content_type": 7, "object_id": "65", "object_repr": "Запись  2024-06-18 19:00:00-22:00:00", "action_flag": 3, "change_message": ""}}, {"model": "admin.logentry", "pk": 43, "fields": {"action_time": "2024-06-01T18:20:12.978Z", "user": 1, "content_type": 7, "object_id": "64", "object_repr": "Запись  2024-06-21 17:00:00-21:00:00", "action_flag": 3, "change_message": ""}}, {"model": "admin.logentry", "pk": 44, "fields": {"action_time": "2024-06-01T18:20:12.982Z", "user": 1, "content_type": 7, "object_id": "62", "object_repr": "Запись  2024-06-26 18:00:00-21:00:00", "action_flag": 3, "change_message": ""}}, {"model": "admin.logentry", "pk": 45, "fields": {"action_time": "2024-06-01T18:20:12.987Z", "user": 1, "content_type": 7, "object_id": "61", "object_repr": "Запись  2024-06-26 13:00:00-17:00:00", "action_flag": 3, "change_message": ""}}, {"model": "admin.logentry", "pk": 46, "fields": {"action_time": "2024-06-01T18:20:12.991Z", "user": 1, "content_type": 7, "object_id": "60", "object_repr": "Запись  2024-06-19 12:00:00-15:00:00", "action_flag": 3, "change_message": ""}}, {"model": "admin.logentry", "pk": 47, "fields": {"action_time": "2024-06-01T18:20:12.996Z", "user": 1, "content_type": 7, "object_id": "58", "object_repr": "Запись  2024-06-20 18:00:00-21:00:00", "action_flag": 3, "change_message": ""}}, {"model": "admin.logentry", "pk": 48, "fields": {"action_time": "2024-06-01T18:20:13.001Z", "user": 1, "content_type": 7, "object_id": "57", "object_repr": "Запись  2024-07-05 12:00:00-14:00:00", "action_flag": 3, "change_message": ""}}, {"model": "admin.logentry", "pk": 49, "fields": {"action_time": "2024-06-01T18:20:13.006Z", "user": 1, "content_type": 7, "object_id": "56", "object_repr": "Запись  2024-06-24 20:00:00-22:00:00", "action_flag": 3, "change_message": ""}}, {"model": "admin.logentry", "pk": 50, "fields": {"action_time": "2024-06-01T18:20:13.010Z", "user": 1, "content_type": 7, "object_id": "55", "object_repr": "Запись  2024-07-03 19:00:00-22:00:00", "action_flag": 3, "change_message": ""}}, {"model": "admin.logentry", "pk": 51, "fields": {"action_time": "2024-06-01T18:20:13.015Z", "user": 1, "content_type": 7, "object_id": "54", "object_repr": "Запись  2024-07-07 12:00:00-14:00:00", "action_flag": 3, "change_message": ""}}, {"model": "admin.logentry", "pk": 52, "fields": {"action_time": "2024-06-01T18:20:13.019Z", "user": 1, "content_type": 7, "object_id": "53", "object_repr": "Запись  2024-06-29 13:00:00-15:00:00", "action_flag": 3, "change_message": ""}}, {"model": "admin.logentry", "pk": 53, "fields": {"action_time": "2024-06-01T18:20:13.024Z", "user": 1, "content_type": 7, "object_id": "52", "object_repr": "Запись  2024-07-02 13:00:00-16:00:00", "action_flag": 3, "change_message": ""}}, {"model": "admin.logentry", "pk": 54, "fields": {"action_time": "2024-06-01T18:20:13.029Z", "user": 1, "content_type": 7, "object_id": "51", "object_repr": "Запись  2024-07-02 19:00:00-21:00:00", "action_flag": 3, "change_message": ""}}, {"model": "admin.logentry", "pk": 55, "fields": {"action_time": "2024-06-01T18:20:13.034Z", "user": 1, "content_type": 7, "object_id": "50", "object_repr": "Запись  2024-07-04 19:00:00-21:00:00", "action_flag": 3, "change_message": ""}}, {"model": "admin.logentry", "pk": 56, "fields": {"action_time": "2024-06-01T18:20:13.038Z", "user": 1, "content_type": 7, "object_id": "49", "object_repr": "Запись  2024-07-07 19:00:00-21:00:00", "action_flag": 3, "change_message": ""}}, {"model": "admin.logentry", "pk": 57, "fields": {"action_time": "2024-06-01T18:20:13.043Z", "user": 1, "content_type": 7, "object_id": "48", "object_repr": "Запись  2024-06-08 15:00:00-17:00:00", "action_flag": 3, "change_message": ""}}, {"model": "admin.logentry", "pk": 58, "fields": {"action_time": "2024-06-01T18:20:13.047Z", "user": 1, "content_type": 7, "object_id": "47", "object_repr": "Запись  2024-06-08 20:00:00-22:00:00", "action_flag": 3, "change_message": ""}}, {"model": "admin.logentry", "pk": 59, "fields": {"action_time": "2024-06-01T18:20:13.052Z", "user": 1, "content_type": 7, "object_id": "46", "object_repr": "Запись  2024-06-01 11:00:00-18:00:00", "action_flag": 3, "change_message": ""}}, {"model": "admin.logentry", "pk": 60, "fields": {"action_time": "2024-06-01T18:20:13.056Z", "user": 1, "content_type": 7, "object_id": "45", "object_repr": "Запись  2024-06-01 19:00:00-21:00:00", "action_flag": 3, "change_message": ""}}, {"model": "admin.logentry", "pk": 61, "fields": {"action_time": "2024-06-01T18:20:13.061Z", "user": 1, "content_type": 7, "object_id": "44", "object_repr": "Запись  2024-05-30 18:00:00-20:00:00", "action_flag": 3, "change_message": ""}}, {"model": "admin.logentry", "pk": 62, "fields": {"action_time": "2024-06-01T18:20:13.066Z", "user": 1, "content_type": 7, "object_id": "43", "object_repr": "Запись  2024-07-05 15:00:00-21:00:00", "action_flag": 3, "change_message": ""}}, {"model": "admin.logentry", "pk": 63, "fields": {"action_time": "2024-06-01T18:20:13.071Z", "user": 1, "content_type": 7, "object_id": "42", "object_repr": "Запись  2024-06-06 20:00:00-23:00:00", "action_flag": 3, "change_message": ""}}, {"model": "admin.logentry", "pk": 64, "fields": {"action_time": "2024-06-01T18:20:13.075Z", "user": 1, "content_type": 7, "object_id": "41", "object_repr": "Запись  2024-07-05 17:00:00-19:00:00", "action_flag": 3, "change_message": ""}}, {"model": "admin.logentry", "pk": 65, "fields": {"action_time": "2024-06-01T18:20:13.080Z", "user": 1, "content_type": 7, "object_id": "40", "object_repr": "Запись  2024-06-01 13:00:00-16:00:00", "action_flag": 3, "change_message": ""}}, {"model": "admin.logentry", "pk": 66, "fields": {"action_time": "2024-06-01T18:20:13.084Z", "user": 1, "content_type": 7, "object_id": "39", "object_repr": "Запись  2024-05-30 21:00:00-23:00:00", "action_flag": 3, "change_message": ""}}, {"model": "admin.logentry", "pk": 67, "fields": {"action_time": "2024-06-01T18:20:13.089Z", "user": 1, "content_type": 7, "object_id": "38", "object_repr": "Запись  2024-05-28 21:00:00-23:00:00", "action_flag": 3, "change_message": ""}}, {"model": "admin.logentry", "pk": 68, "fields": {"action_time": "2024-06-01T18:20:13.093Z", "user": 1, "content_type": 7, "object_id": "37", "object_repr": "Запись  2024-06-05 18:00:00-20:00:00", "action_flag": 3, "change_message": ""}}, {"model": "admin.logentry", "pk": 69, "fields": {"action_time": "2024-06-01T18:20:13.099Z", "user": 1, "content_type": 7, "object_id": "36", "object_repr": "Запись  2024-06-07 17:00:00-20:00:00", "action_flag": 3, "change_message": ""}}, {"model": "admin.logentry", "pk": 70, "fields": {"action_time": "2024-06-01T18:20:13.103Z", "user": 1, "content_type": 7, "object_id": "35", "object_repr": "Запись  2024-05-31 15:00:00-21:00:00", "action_flag": 3, "change_message": ""}}, {"model": "admin.logentry", "pk": 71, "fields": {"action_time": "2024-06-01T18:20:13.108Z", "user": 1, "content_type": 7, "object_id": "34", "object_repr": "Запись  2024-05-31 17:00:00-19:00:00", "action_flag": 3, "change_message": ""}}, {"model": "admin.logentry", "pk": 72, "fields": {"action_time": "2024-06-01T18:20:13.112Z", "user": 1, "content_type": 7, "object_id": "33", "object_repr": "Запись  2024-05-28 18:00:00-20:00:00", "action_flag": 3, "change_message": ""}}, {"model": "admin.logentry", "pk": 73, "fields": {"action_time": "2024-06-01T18:20:13.117Z", "user": 1, "content_type": 7, "object_id": "32", "object_repr": "Запись  2024-05-27 12:00:00-14:00:00", "action_flag": 3, "change_message": ""}}, {"model": "admin.logentry", "pk": 74, "fields": {"action_time": "2024-06-01T18:20:13.122Z", "user": 1, "content_type": 7, "object_id": "31", "object_repr": "Запись  2024-05-29 13:00:00-15:00:00", "action_flag": 3, "change_message": ""}}, {"model": "admin.logentry", "pk": 75, "fields": {"action_time": "2024-06-01T18:20:13.127Z", "user": 1, "content_type": 7, "object_id": "30", "object_repr": "Запись  2024-06-05 21:00:00-23:00:00", "action_flag": 3, "change_message": ""}}, {"model": "admin.logentry", "pk": 76, "fields": {"action_time": "2024-06-01T18:20:13.131Z", "user": 1, "content_type": 7, "object_id": "29", "object_repr": "Запись  2024-05-25 18:00:00-20:00:00", "action_flag": 3, "change_message": ""}}, {"model": "admin.logentry", "pk": 77, "fields": {"action_time": "2024-06-01T18:20:13.136Z", "user": 1, "content_type": 7, "object_id": "28", "object_repr": "Запись  2024-05-25 21:00:00-23:00:00", "action_flag": 3, "change_message": ""}}, {"model": "admin.logentry", "pk": 78, "fields": {"action_time": "2024-06-01T18:20:13.140Z", "user": 1, "content_type": 7, "object_id": "27", "object_repr": "Запись  2024-05-25 15:00:00-17:00:00", "action_flag": 3, "change_message": ""}}, {"model": "admin.logentry", "pk": 79, "fields": {"action_time": "2024-06-01T18:20:13.145Z", "user": 1, "content_type": 7, "object_id": "26", "object_repr": "Запись  2024-05-25 12:00:00-14:00:00", "action_flag": 3, "change_message": ""}}, {"model": "admin.logentry", "pk": 80, "fields": {"action_time": "2024-06-01T18:20:13.149Z", "user": 1, "content_type": 7, "object_id": "20", "object_repr": "Запись  2024-05-24 19:00:00-21:00:00", "action_flag": 3, "change_message": ""}}, {"model": "admin.logentry", "pk": 81, "fields": {"action_time": "2024-06-01T18:20:13.154Z", "user": 1, "content_type": 7, "object_id": "18", "object_repr": "Запись  2024-05-29 17:00:00-19:00:00", "action_flag": 3, "change_message": ""}}, {"model": "admin.logentry", "pk": 82, "fields": {"action_time": "2024-06-01T18:20:13.158Z", "user": 1, "content_type": 7, "object_id": "17", "object_repr": "Запись  2024-05-29 20:00:00-22:00:00", "action_flag": 3, "change_message": ""}}, {"model": "admin.logentry", "pk": 83, "fields": {"action_time": "2024-06-01T18:20:13.163Z", "user": 1, "content_type": 7, "object_id": "16", "object_repr": "Запись  2024-05-23 13:00:00-15:00:00", "action_flag": 3, "change_message": ""}}, {"model": "admin.logentry", "pk": 84, "fields": {"action_time": "2024-06-01T18:20:13.167Z", "user": 1, "content_type": 7, "object_id": "15", "object_repr": "Запись  2024-05-22 11:00:00-13:00:00", "action_flag": 3, "change_message": ""}}, {"model": "admin.logentry", "pk": 85, "fields": {"action_time": "2024-06-01T18:20:13.172Z", "user": 1, "content_type": 7, "object_id": "14", "object_repr": "Запись  2024-05-21 17:00:00-18:00:00", "action_flag": 3, "change_message": ""}}, {"model": "admin.logentry", "pk": 86, "fields": {"action_time": "2024-06-01T18:20:13.176Z", "user": 1, "content_type": 7, "object_id": "13", "object_repr": "Запись  2024-05-21 19:00:00-21:00:00", "action_flag": 3, "change_message": ""}}, {"model": "admin.logentry", "pk": 87, "fields": {"action_time": "2024-06-01T18:20:13.181Z", "user": 1, "content_type": 7, "object_id": "12", "object_repr": "Запись  2024-05-20 17:00:00-18:00:00", "action_flag": 3, "change_message": ""}}, {"model": "admin.logentry", "pk": 88, "fields": {"action_time": "2024-06-01T18:20:13.186Z", "user": 1, "content_type": 7, "object_id": "11", "object_repr": "Запись  2024-05-20 19:00:00-21:00:00", "action_flag": 3, "change_message": ""}}, {"model": "admin.logentry", "pk": 89, "fields": {"action_time": "2024-06-01T18:20:13.191Z", "user": 1, "content_type": 7, "object_id": "10", "object_repr": "Запись  2024-05-18 19:00:00-22:00:00", "action_flag": 3, "change_message": ""}}, {"model": "admin.logentry", "pk": 90, "fields": {"action_time": "2024-06-01T18:20:13.195Z", "user": 1, "content_type": 7, "object_id": "9", "object_repr": "Запись  2024-05-15 17:00:00-18:00:00", "action_flag": 3, "change_message": ""}}, {"model": "admin.logentry", "pk": 91, "fields": {"action_time": "2024-06-01T18:20:13.200Z", "user": 1, "content_type": 7, "object_id": "8", "object_repr": "Запись  2024-05-23 20:00:00-22:00:00", "action_flag": 3, "change_message": ""}}, {"model": "admin.logentry", "pk": 92, "fields": {"action_time": "2024-06-01T18:20:13.204Z", "user": 1, "content_type": 7, "object_id": "7", "object_repr": "Запись  2024-05-15 19:00:00-21:00:00", "action_flag": 3, "change_message": ""}}, {"model": "admin.logentry", "pk": 93, "fields": {"action_time": "2024-06-01T18:20:13.210Z", "user": 1, "content_type": 7, "object_id": "6", "object_repr": "Запись  2024-05-14 21:00:00-22:00:00", "action_flag": 3, "change_message": ""}}, {"model": "admin.logentry", "pk": 94, "fields": {"action_time": "2024-06-01T18:20:13.214Z", "user": 1, "content_type": 7, "object_id": "5", "object_repr": "Запись  2024-05-14 18:00:00-20:00:00", "action_flag": 3, "change_message": ""}}, {"model": "admin.logentry", "pk": 95, "fields": {"action_time": "2024-06-01T18:20:13.219Z", "user": 1, "content_type": 7, "object_id": "4", "object_repr": "Запись  2024-05-14 11:00:00-13:00:00", "action_flag": 3, "change_message": ""}}, {"model": "admin.logentry", "pk": 96, "fields": {"action_time": "2024-06-01T18:20:13.223Z", "user": 1, "content_type": 7, "object_id": "3", "object_repr": "Запись  2024-05-14 14:00:00-17:00:00", "action_flag": 3, "change_message": ""}}, {"model": "admin.logentry", "pk": 97, "fields": {"action_time": "2024-06-01T18:58:00.482Z", "user": 1, "content_type": 7, "object_id": "74", "object_repr": "Запись  2024-06-20 19:00:00-22:00:00", "action_flag": 3, "change_message": ""}}, {"model": "admin.logentry", "pk": 98, "fields": {"action_time": "2024-06-01T18:58:00.487Z", "user": 1, "content_type": 7, "object_id": "73", "object_repr": "Запись  2024-07-02 13:00:00-15:00:00", "action_flag": 3, "change_message": ""}}, {"model": "admin.logentry", "pk": 99, "fields": {"action_time": "2024-06-01T18:58:00.492Z", "user": 1, "content_type": 7, "object_id": "72", "object_repr": "Запись  2024-07-05 18:00:00-21:00:00", "action_flag": 3, "change_message": ""}}, {"model": "admin.logentry", "pk": 100, "fields": {"action_time": "2024-06-06T10:53:00.376Z", "user": 1, "content_type": 11, "object_id": "878", "object_repr": "AppointmentItem object (878)", "action_flag": 3, "change_message": ""}}, {"model": "admin.logentry", "pk": 101, "fields": {"action_time": "2024-06-06T10:53:00.382Z", "user": 1, "content_type": 11, "object_id": "877", "object_repr": "AppointmentItem object (877)", "action_flag": 3, "change_message": ""}}, {"model": "admin.logentry", "pk": 102, "fields": {"action_time": "2024-06-06T10:53:00.387Z", "user": 1, "content_type": 11, "object_id": "876", "object_repr": "AppointmentItem object (876)", "action_flag": 3, "change_message": ""}}, {"model": "admin.logentry", "pk": 103, "fields": {"action_time": "2024-06-06T10:53:00.392Z", "user": 1, "content_type": 11, "object_id": "875", "object_repr": "AppointmentItem object (875)", "action_flag": 3, "change_message": ""}}, {"model": "admin.logentry", "pk": 104, "fields": {"action_time": "2024-06-06T10:53:00.397Z", "user": 1, "content_type": 11, "object_id": "874", "object_repr": "AppointmentItem object (874)", "action_flag": 3, "change_message": ""}}, {"model": "admin.logentry", "pk": 105, "fields": {"action_time": "2024-06-06T10:53:00.402Z", "user": 1, "content_type": 11, "object_id": "873", "object_repr": "AppointmentItem object (873)", "action_flag": 3, "change_message": ""}}, {"model": "admin.logentry", "pk": 106, "fields": {"action_time": "2024-06-06T10:53:00.406Z", "user": 1, "content_type": 11, "object_id": "872", "object_repr": "AppointmentItem object (872)", "action_flag": 3, "change_message": ""}}, {"model": "admin.logentry", "pk": 107, "fields": {"action_time": "2024-06-06T10:53:00.412Z", "user": 1, "content_type": 11, "object_id": "871", "object_repr": "AppointmentItem object (871)", "action_flag": 3, "change_message": ""}}, {"model": "admin.logentry", "pk": 108, "fields": {"action_time": "2024-06-06T10:53:00.416Z", "user": 1, "content_type": 11, "object_id": "870", "object_repr": "AppointmentItem object (870)", "action_flag": 3, "change_message": ""}}, {"model": "admin.logentry", "pk": 109, "fields": {"action_time": "2024-06-06T10:53:00.421Z", "user": 1, "content_type": 11, "object_id": "869", "object_repr": "AppointmentItem object (869)", "action_flag": 3, "change_message": ""}}, {"model": "admin.logentry", "pk": 110, "fields": {"action_time": "2024-06-06T10:53:00.426Z", "user": 1, "content_type": 11, "object_id": "868", "object_repr": "AppointmentItem object (868)", "action_flag": 3, "change_message": ""}}, {"model": "admin.logentry", "pk": 111, "fields": {"action_time": "2024-06-06T10:53:00.432Z", "user": 1, "content_type": 11, "object_id": "867", "object_repr": "AppointmentItem object (867)", "action_flag": 3, "change_message": ""}}, {"model": "admin.logentry", "pk": 112, "fields": {"action_time": "2024-06-06T10:53:00.469Z", "user": 1, "content_type": 11, "object_id": "866", "object_repr": "AppointmentItem object (866)", "action_flag": 3, "change_message": ""}}, {"model": "admin.logentry", "pk": 113, "fields": {"action_time": "2024-06-06T10:53:00.474Z", "user": 1, "content_type": 11, "object_id": "865", "object_repr": "AppointmentItem object (865)", "action_flag": 3, "change_message": ""}}, {"model": "admin.logentry", "pk": 114, "fields": {"action_time": "2024-06-06T10:53:00.479Z", "user": 1, "content_type": 11, "object_id": "864", "object_repr": "AppointmentItem object (864)", "action_flag": 3, "change_message": ""}}, {"model": "admin.logentry", "pk": 115, "fields": {"action_time": "2024-06-06T10:53:00.483Z", "user": 1, "content_type": 11, "object_id": "863", "object_repr": "AppointmentItem object (863)", "action_flag": 3, "change_message": ""}}, {"model": "admin.logentry", "pk": 116, "fields": {"action_time": "2024-06-06T10:53:00.488Z", "user": 1, "content_type": 11, "object_id": "862", "object_repr": "AppointmentItem object (862)", "action_flag": 3, "change_message": ""}}, {"model": "admin.logentry", "pk": 117, "fields": {"action_time": "2024-06-06T10:53:00.492Z", "user": 1, "content_type": 11, "object_id": "861", "object_repr": "AppointmentItem object (861)", "action_flag": 3, "change_message": ""}}, {"model": "admin.logentry", "pk": 118, "fields": {"action_time": "2024-06-06T10:53:00.497Z", "user": 1, "content_type": 11, "object_id": "860", "object_repr": "AppointmentItem object (860)", "action_flag": 3, "change_message": ""}}, {"model": "admin.logentry", "pk": 119, "fields": {"action_time": "2024-06-06T10:53:00.502Z", "user": 1, "content_type": 11, "object_id": "859", "object_repr": "AppointmentItem object (859)", "action_flag": 3, "change_message": ""}}, {"model": "admin.logentry", "pk": 120, "fields": {"action_time": "2024-06-06T10:53:00.507Z", "user": 1, "content_type": 11, "object_id": "858", "object_repr": "AppointmentItem object (858)", "action_flag": 3, "change_message": ""}}, {"model": "admin.logentry", "pk": 121, "fields": {"action_time": "2024-06-06T10:53:00.511Z", "user": 1, "content_type": 11, "object_id": "857", "object_repr": "AppointmentItem object (857)", "action_flag": 3, "change_message": ""}}, {"model": "admin.logentry", "pk": 122, "fields": {"action_time": "2024-06-06T10:53:00.517Z", "user": 1, "content_type": 11, "object_id": "856", "object_repr": "AppointmentItem object (856)", "action_flag": 3, "change_message": ""}}, {"model": "admin.logentry", "pk": 123, "fields": {"action_time": "2024-06-06T10:53:00.521Z", "user": 1, "content_type": 11, "object_id": "855", "object_repr": "AppointmentItem object (855)", "action_flag": 3, "change_message": ""}}, {"model": "admin.logentry", "pk": 124, "fields": {"action_time": "2024-06-06T10:53:00.526Z", "user": 1, "content_type": 11, "object_id": "854", "object_repr": "AppointmentItem object (854)", "action_flag": 3, "change_message": ""}}, {"model": "admin.logentry", "pk": 125, "fields": {"action_time": "2024-06-06T10:53:00.531Z", "user": 1, "content_type": 11, "object_id": "853", "object_repr": "AppointmentItem object (853)", "action_flag": 3, "change_message": ""}}, {"model": "admin.logentry", "pk": 126, "fields": {"action_time": "2024-06-06T10:53:00.536Z", "user": 1, "content_type": 11, "object_id": "852", "object_repr": "AppointmentItem object (852)", "action_flag": 3, "change_message": ""}}, {"model": "admin.logentry", "pk": 127, "fields": {"action_time": "2024-06-06T10:53:00.540Z", "user": 1, "content_type": 11, "object_id": "851", "object_repr": "AppointmentItem object (851)", "action_flag": 3, "change_message": ""}}, {"model": "admin.logentry", "pk": 128, "fields": {"action_time": "2024-06-06T10:53:00.545Z", "user": 1, "content_type": 11, "object_id": "850", "object_repr": "AppointmentItem object (850)", "action_flag": 3, "change_message": ""}}, {"model": "admin.logentry", "pk": 129, "fields": {"action_time": "2024-06-06T10:53:00.550Z", "user": 1, "content_type": 11, "object_id": "849", "object_repr": "AppointmentItem object (849)", "action_flag": 3, "change_message": ""}}, {"model": "admin.logentry", "pk": 130, "fields": {"action_time": "2024-06-06T10:53:00.555Z", "user": 1, "content_type": 11, "object_id": "848", "object_repr": "AppointmentItem object (848)", "action_flag": 3, "change_message": ""}}, {"model": "admin.logentry", "pk": 131, "fields": {"action_time": "2024-06-06T10:53:00.559Z", "user": 1, "content_type": 11, "object_id": "847", "object_repr": "AppointmentItem object (847)", "action_flag": 3, "change_message": ""}}, {"model": "admin.logentry", "pk": 132, "fields": {"action_time": "2024-06-06T10:53:00.565Z", "user": 1, "content_type": 11, "object_id": "846", "object_repr": "AppointmentItem object (846)", "action_flag": 3, "change_message": ""}}, {"model": "admin.logentry", "pk": 133, "fields": {"action_time": "2024-06-06T10:53:00.569Z", "user": 1, "content_type": 11, "object_id": "845", "object_repr": "AppointmentItem object (845)", "action_flag": 3, "change_message": ""}}, {"model": "admin.logentry", "pk": 134, "fields": {"action_time": "2024-06-06T10:53:00.574Z", "user": 1, "content_type": 11, "object_id": "844", "object_repr": "AppointmentItem object (844)", "action_flag": 3, "change_message": ""}}, {"model": "admin.logentry", "pk": 135, "fields": {"action_time": "2024-06-06T10:53:00.579Z", "user": 1, "content_type": 11, "object_id": "843", "object_repr": "AppointmentItem object (843)", "action_flag": 3, "change_message": ""}}, {"model": "admin.logentry", "pk": 136, "fields": {"action_time": "2024-06-06T10:53:00.584Z", "user": 1, "content_type": 11, "object_id": "842", "object_repr": "AppointmentItem object (842)", "action_flag": 3, "change_message": ""}}, {"model": "admin.logentry", "pk": 137, "fields": {"action_time": "2024-06-06T10:53:00.588Z", "user": 1, "content_type": 11, "object_id": "841", "object_repr": "AppointmentItem object (841)", "action_flag": 3, "change_message": ""}}, {"model": "admin.logentry", "pk": 138, "fields": {"action_time": "2024-06-06T10:53:00.594Z", "user": 1, "content_type": 11, "object_id": "840", "object_repr": "AppointmentItem object (840)", "action_flag": 3, "change_message": ""}}, {"model": "admin.logentry", "pk": 139, "fields": {"action_time": "2024-06-06T10:53:00.598Z", "user": 1, "content_type": 11, "object_id": "839", "object_repr": "AppointmentItem object (839)", "action_flag": 3, "change_message": ""}}, {"model": "admin.logentry", "pk": 140, "fields": {"action_time": "2024-06-06T10:53:00.603Z", "user": 1, "content_type": 11, "object_id": "838", "object_repr": "AppointmentItem object (838)", "action_flag": 3, "change_message": ""}}, {"model": "admin.logentry", "pk": 141, "fields": {"action_time": "2024-06-06T10:53:00.608Z", "user": 1, "content_type": 11, "object_id": "837", "object_repr": "AppointmentItem object (837)", "action_flag": 3, "change_message": ""}}, {"model": "admin.logentry", "pk": 142, "fields": {"action_time": "2024-06-06T10:53:00.613Z", "user": 1, "content_type": 11, "object_id": "836", "object_repr": "AppointmentItem object (836)", "action_flag": 3, "change_message": ""}}, {"model": "admin.logentry", "pk": 143, "fields": {"action_time": "2024-06-06T10:53:00.617Z", "user": 1, "content_type": 11, "object_id": "835", "object_repr": "AppointmentItem object (835)", "action_flag": 3, "change_message": ""}}, {"model": "admin.logentry", "pk": 144, "fields": {"action_time": "2024-06-06T10:53:00.622Z", "user": 1, "content_type": 11, "object_id": "834", "object_repr": "AppointmentItem object (834)", "action_flag": 3, "change_message": ""}}, {"model": "admin.logentry", "pk": 145, "fields": {"action_time": "2024-06-06T10:53:00.627Z", "user": 1, "content_type": 11, "object_id": "833", "object_repr": "AppointmentItem object (833)", "action_flag": 3, "change_message": ""}}, {"model": "admin.logentry", "pk": 146, "fields": {"action_time": "2024-06-06T10:53:00.632Z", "user": 1, "content_type": 11, "object_id": "832", "object_repr": "AppointmentItem object (832)", "action_flag": 3, "change_message": ""}}, {"model": "admin.logentry", "pk": 147, "fields": {"action_time": "2024-06-06T10:53:00.636Z", "user": 1, "content_type": 11, "object_id": "831", "object_repr": "AppointmentItem object (831)", "action_flag": 3, "change_message": ""}}, {"model": "admin.logentry", "pk": 148, "fields": {"action_time": "2024-06-06T10:53:00.642Z", "user": 1, "content_type": 11, "object_id": "830", "object_repr": "AppointmentItem object (830)", "action_flag": 3, "change_message": ""}}, {"model": "admin.logentry", "pk": 149, "fields": {"action_time": "2024-06-06T10:53:00.647Z", "user": 1, "content_type": 11, "object_id": "829", "object_repr": "AppointmentItem object (829)", "action_flag": 3, "change_message": ""}}, {"model": "admin.logentry", "pk": 150, "fields": {"action_time": "2024-06-06T10:53:00.652Z", "user": 1, "content_type": 11, "object_id": "828", "object_repr": "AppointmentItem object (828)", "action_flag": 3, "change_message": ""}}, {"model": "admin.logentry", "pk": 151, "fields": {"action_time": "2024-06-06T10:53:00.656Z", "user": 1, "content_type": 11, "object_id": "827", "object_repr": "AppointmentItem object (827)", "action_flag": 3, "change_message": ""}}, {"model": "admin.logentry", "pk": 152, "fields": {"action_time": "2024-06-06T10:53:00.661Z", "user": 1, "content_type": 11, "object_id": "826", "object_repr": "AppointmentItem object (826)", "action_flag": 3, "change_message": ""}}, {"model": "admin.logentry", "pk": 153, "fields": {"action_time": "2024-06-06T10:53:00.666Z", "user": 1, "content_type": 11, "object_id": "825", "object_repr": "AppointmentItem object (825)", "action_flag": 3, "change_message": ""}}, {"model": "admin.logentry", "pk": 154, "fields": {"action_time": "2024-06-06T10:53:00.671Z", "user": 1, "content_type": 11, "object_id": "824", "object_repr": "AppointmentItem object (824)", "action_flag": 3, "change_message": ""}}, {"model": "admin.logentry", "pk": 155, "fields": {"action_time": "2024-06-06T10:53:00.675Z", "user": 1, "content_type": 11, "object_id": "823", "object_repr": "AppointmentItem object (823)", "action_flag": 3, "change_message": ""}}, {"model": "admin.logentry", "pk": 156, "fields": {"action_time": "2024-06-06T10:53:00.680Z", "user": 1, "content_type": 11, "object_id": "822", "object_repr": "AppointmentItem object (822)", "action_flag": 3, "change_message": ""}}, {"model": "admin.logentry", "pk": 157, "fields": {"action_time": "2024-06-06T10:53:00.684Z", "user": 1, "content_type": 11, "object_id": "821", "object_repr": "AppointmentItem object (821)", "action_flag": 3, "change_message": ""}}, {"model": "admin.logentry", "pk": 158, "fields": {"action_time": "2024-06-06T10:53:00.690Z", "user": 1, "content_type": 11, "object_id": "820", "object_repr": "AppointmentItem object (820)", "action_flag": 3, "change_message": ""}}, {"model": "admin.logentry", "pk": 159, "fields": {"action_time": "2024-06-06T10:53:00.694Z", "user": 1, "content_type": 11, "object_id": "819", "object_repr": "AppointmentItem object (819)", "action_flag": 3, "change_message": ""}}, {"model": "admin.logentry", "pk": 160, "fields": {"action_time": "2024-06-06T10:53:00.700Z", "user": 1, "content_type": 11, "object_id": "818", "object_repr": "AppointmentItem object (818)", "action_flag": 3, "change_message": ""}}, {"model": "admin.logentry", "pk": 161, "fields": {"action_time": "2024-06-06T10:53:00.704Z", "user": 1, "content_type": 11, "object_id": "817", "object_repr": "AppointmentItem object (817)", "action_flag": 3, "change_message": ""}}, {"model": "admin.logentry", "pk": 162, "fields": {"action_time": "2024-06-06T10:53:00.709Z", "user": 1, "content_type": 11, "object_id": "816", "object_repr": "AppointmentItem object (816)", "action_flag": 3, "change_message": ""}}, {"model": "admin.logentry", "pk": 163, "fields": {"action_time": "2024-06-06T10:53:00.713Z", "user": 1, "content_type": 11, "object_id": "815", "object_repr": "AppointmentItem object (815)", "action_flag": 3, "change_message": ""}}, {"model": "admin.logentry", "pk": 164, "fields": {"action_time": "2024-06-06T10:53:00.719Z", "user": 1, "content_type": 11, "object_id": "814", "object_repr": "AppointmentItem object (814)", "action_flag": 3, "change_message": ""}}, {"model": "admin.logentry", "pk": 165, "fields": {"action_time": "2024-06-06T10:53:00.723Z", "user": 1, "content_type": 11, "object_id": "813", "object_repr": "AppointmentItem object (813)", "action_flag": 3, "change_message": ""}}, {"model": "admin.logentry", "pk": 166, "fields": {"action_time": "2024-06-06T10:53:00.728Z", "user": 1, "content_type": 11, "object_id": "812", "object_repr": "AppointmentItem object (812)", "action_flag": 3, "change_message": ""}}, {"model": "admin.logentry", "pk": 167, "fields": {"action_time": "2024-06-06T10:53:00.733Z", "user": 1, "content_type": 11, "object_id": "811", "object_repr": "AppointmentItem object (811)", "action_flag": 3, "change_message": ""}}, {"model": "admin.logentry", "pk": 168, "fields": {"action_time": "2024-06-06T10:53:00.738Z", "user": 1, "content_type": 11, "object_id": "810", "object_repr": "AppointmentItem object (810)", "action_flag": 3, "change_message": ""}}, {"model": "admin.logentry", "pk": 169, "fields": {"action_time": "2024-06-06T10:53:00.742Z", "user": 1, "content_type": 11, "object_id": "809", "object_repr": "AppointmentItem object (809)", "action_flag": 3, "change_message": ""}}, {"model": "admin.logentry", "pk": 170, "fields": {"action_time": "2024-06-06T10:53:00.748Z", "user": 1, "content_type": 11, "object_id": "808", "object_repr": "AppointmentItem object (808)", "action_flag": 3, "change_message": ""}}, {"model": "admin.logentry", "pk": 171, "fields": {"action_time": "2024-06-06T10:53:00.752Z", "user": 1, "content_type": 11, "object_id": "807", "object_repr": "AppointmentItem object (807)", "action_flag": 3, "change_message": ""}}, {"model": "admin.logentry", "pk": 172, "fields": {"action_time": "2024-06-06T10:53:00.757Z", "user": 1, "content_type": 11, "object_id": "806", "object_repr": "AppointmentItem object (806)", "action_flag": 3, "change_message": ""}}, {"model": "admin.logentry", "pk": 173, "fields": {"action_time": "2024-06-06T10:53:00.761Z", "user": 1, "content_type": 11, "object_id": "805", "object_repr": "AppointmentItem object (805)", "action_flag": 3, "change_message": ""}}, {"model": "admin.logentry", "pk": 174, "fields": {"action_time": "2024-06-06T10:53:00.766Z", "user": 1, "content_type": 11, "object_id": "804", "object_repr": "AppointmentItem object (804)", "action_flag": 3, "change_message": ""}}, {"model": "admin.logentry", "pk": 175, "fields": {"action_time": "2024-06-06T10:53:00.770Z", "user": 1, "content_type": 11, "object_id": "803", "object_repr": "AppointmentItem object (803)", "action_flag": 3, "change_message": ""}}, {"model": "admin.logentry", "pk": 176, "fields": {"action_time": "2024-06-06T10:53:00.775Z", "user": 1, "content_type": 11, "object_id": "802", "object_repr": "AppointmentItem object (802)", "action_flag": 3, "change_message": ""}}, {"model": "admin.logentry", "pk": 177, "fields": {"action_time": "2024-06-06T10:53:00.779Z", "user": 1, "content_type": 11, "object_id": "801", "object_repr": "AppointmentItem object (801)", "action_flag": 3, "change_message": ""}}, {"model": "admin.logentry", "pk": 178, "fields": {"action_time": "2024-06-06T10:53:00.785Z", "user": 1, "content_type": 11, "object_id": "800", "object_repr": "AppointmentItem object (800)", "action_flag": 3, "change_message": ""}}, {"model": "admin.logentry", "pk": 179, "fields": {"action_time": "2024-06-06T10:53:00.789Z", "user": 1, "content_type": 11, "object_id": "799", "object_repr": "AppointmentItem object (799)", "action_flag": 3, "change_message": ""}}, {"model": "admin.logentry", "pk": 180, "fields": {"action_time": "2024-06-06T10:53:00.794Z", "user": 1, "content_type": 11, "object_id": "798", "object_repr": "AppointmentItem object (798)", "action_flag": 3, "change_message": ""}}, {"model": "admin.logentry", "pk": 181, "fields": {"action_time": "2024-06-06T10:53:00.798Z", "user": 1, "content_type": 11, "object_id": "797", "object_repr": "AppointmentItem object (797)", "action_flag": 3, "change_message": ""}}, {"model": "admin.logentry", "pk": 182, "fields": {"action_time": "2024-06-06T10:53:00.804Z", "user": 1, "content_type": 11, "object_id": "796", "object_repr": "AppointmentItem object (796)", "action_flag": 3, "change_message": ""}}, {"model": "admin.logentry", "pk": 183, "fields": {"action_time": "2024-06-06T10:53:00.808Z", "user": 1, "content_type": 11, "object_id": "795", "object_repr": "AppointmentItem object (795)", "action_flag": 3, "change_message": ""}}, {"model": "admin.logentry", "pk": 184, "fields": {"action_time": "2024-06-06T10:53:00.813Z", "user": 1, "content_type": 11, "object_id": "794", "object_repr": "AppointmentItem object (794)", "action_flag": 3, "change_message": ""}}, {"model": "admin.logentry", "pk": 185, "fields": {"action_time": "2024-06-06T10:53:00.817Z", "user": 1, "content_type": 11, "object_id": "793", "object_repr": "AppointmentItem object (793)", "action_flag": 3, "change_message": ""}}, {"model": "admin.logentry", "pk": 186, "fields": {"action_time": "2024-06-06T10:53:00.822Z", "user": 1, "content_type": 11, "object_id": "792", "object_repr": "AppointmentItem object (792)", "action_flag": 3, "change_message": ""}}, {"model": "admin.logentry", "pk": 187, "fields": {"action_time": "2024-06-06T10:53:00.827Z", "user": 1, "content_type": 11, "object_id": "791", "object_repr": "AppointmentItem object (791)", "action_flag": 3, "change_message": ""}}, {"model": "admin.logentry", "pk": 188, "fields": {"action_time": "2024-06-06T10:53:00.832Z", "user": 1, "content_type": 11, "object_id": "790", "object_repr": "AppointmentItem object (790)", "action_flag": 3, "change_message": ""}}, {"model": "admin.logentry", "pk": 189, "fields": {"action_time": "2024-06-06T10:53:00.836Z", "user": 1, "content_type": 11, "object_id": "789", "object_repr": "AppointmentItem object (789)", "action_flag": 3, "change_message": ""}}, {"model": "admin.logentry", "pk": 190, "fields": {"action_time": "2024-06-06T10:53:00.841Z", "user": 1, "content_type": 11, "object_id": "788", "object_repr": "AppointmentItem object (788)", "action_flag": 3, "change_message": ""}}, {"model": "admin.logentry", "pk": 191, "fields": {"action_time": "2024-06-06T10:53:00.845Z", "user": 1, "content_type": 11, "object_id": "787", "object_repr": "AppointmentItem object (787)", "action_flag": 3, "change_message": ""}}, {"model": "admin.logentry", "pk": 192, "fields": {"action_time": "2024-06-06T10:53:00.850Z", "user": 1, "content_type": 11, "object_id": "786", "object_repr": "AppointmentItem object (786)", "action_flag": 3, "change_message": ""}}, {"model": "admin.logentry", "pk": 193, "fields": {"action_time": "2024-06-06T10:53:00.854Z", "user": 1, "content_type": 11, "object_id": "785", "object_repr": "AppointmentItem object (785)", "action_flag": 3, "change_message": ""}}, {"model": "admin.logentry", "pk": 194, "fields": {"action_time": "2024-06-06T10:53:00.859Z", "user": 1, "content_type": 11, "object_id": "784", "object_repr": "AppointmentItem object (784)", "action_flag": 3, "change_message": ""}}, {"model": "admin.logentry", "pk": 195, "fields": {"action_time": "2024-06-06T10:53:00.863Z", "user": 1, "content_type": 11, "object_id": "783", "object_repr": "AppointmentItem object (783)", "action_flag": 3, "change_message": ""}}, {"model": "admin.logentry", "pk": 196, "fields": {"action_time": "2024-06-06T10:53:00.868Z", "user": 1, "content_type": 11, "object_id": "782", "object_repr": "AppointmentItem object (782)", "action_flag": 3, "change_message": ""}}, {"model": "admin.logentry", "pk": 197, "fields": {"action_time": "2024-06-06T10:53:00.872Z", "user": 1, "content_type": 11, "object_id": "781", "object_repr": "AppointmentItem object (781)", "action_flag": 3, "change_message": ""}}, {"model": "admin.logentry", "pk": 198, "fields": {"action_time": "2024-06-06T10:53:00.877Z", "user": 1, "content_type": 11, "object_id": "780", "object_repr": "AppointmentItem object (780)", "action_flag": 3, "change_message": ""}}, {"model": "admin.logentry", "pk": 199, "fields": {"action_time": "2024-06-06T10:53:00.881Z", "user": 1, "content_type": 11, "object_id": "779", "object_repr": "AppointmentItem object (779)", "action_flag": 3, "change_message": ""}}, {"model": "admin.logentry", "pk": 200, "fields": {"action_time": "2024-06-06T10:53:08.972Z", "user": 1, "content_type": 11, "object_id": "885", "object_repr": "AppointmentItem object (885)", "action_flag": 3, "change_message": ""}}, {"model": "admin.logentry", "pk": 201, "fields": {"action_time": "2024-06-06T10:53:08.978Z", "user": 1, "content_type": 11, "object_id": "884", "object_repr": "AppointmentItem object (884)", "action_flag": 3, "change_message": ""}}, {"model": "admin.logentry", "pk": 202, "fields": {"action_time": "2024-06-06T10:53:08.982Z", "user": 1, "content_type": 11, "object_id": "883", "object_repr": "AppointmentItem object (883)", "action_flag": 3, "change_message": ""}}, {"model": "admin.logentry", "pk": 203, "fields": {"action_time": "2024-06-06T10:53:08.988Z", "user": 1, "content_type": 11, "object_id": "882", "object_repr": "AppointmentItem object (882)", "action_flag": 3, "change_message": ""}}, {"model": "admin.logentry", "pk": 204, "fields": {"action_time": "2024-06-06T10:53:08.992Z", "user": 1, "content_type": 11, "object_id": "881", "object_repr": "AppointmentItem object (881)", "action_flag": 3, "change_message": ""}}, {"model": "admin.logentry", "pk": 205, "fields": {"action_time": "2024-06-06T10:53:08.997Z", "user": 1, "content_type": 11, "object_id": "880", "object_repr": "AppointmentItem object (880)", "action_flag": 3, "change_message": ""}}, {"model": "admin.logentry", "pk": 206, "fields": {"action_time": "2024-06-06T10:53:09.002Z", "user": 1, "content_type": 11, "object_id": "879", "object_repr": "AppointmentItem object (879)", "action_flag": 3, "change_message": ""}}, {"model": "admin.logentry", "pk": 207, "fields": {"action_time": "2024-06-06T10:53:09.007Z", "user": 1, "content_type": 11, "object_id": "778", "object_repr": "AppointmentItem object (778)", "action_flag": 3, "change_message": ""}}, {"model": "admin.logentry", "pk": 208, "fields": {"action_time": "2024-06-06T10:53:09.012Z", "user": 1, "content_type": 11, "object_id": "777", "object_repr": "AppointmentItem object (777)", "action_flag": 3, "change_message": ""}}, {"model": "admin.logentry", "pk": 209, "fields": {"action_time": "2024-06-06T10:53:09.017Z", "user": 1, "content_type": 11, "object_id": "776", "object_repr": "AppointmentItem object (776)", "action_flag": 3, "change_message": ""}}, {"model": "admin.logentry", "pk": 210, "fields": {"action_time": "2024-06-06T10:53:09.022Z", "user": 1, "content_type": 11, "object_id": "775", "object_repr": "AppointmentItem object (775)", "action_flag": 3, "change_message": ""}}, {"model": "admin.logentry", "pk": 211, "fields": {"action_time": "2024-06-06T10:53:09.027Z", "user": 1, "content_type": 11, "object_id": "774", "object_repr": "AppointmentItem object (774)", "action_flag": 3, "change_message": ""}}, {"model": "admin.logentry", "pk": 212, "fields": {"action_time": "2024-06-06T10:53:09.031Z", "user": 1, "content_type": 11, "object_id": "773", "object_repr": "AppointmentItem object (773)", "action_flag": 3, "change_message": ""}}, {"model": "admin.logentry", "pk": 213, "fields": {"action_time": "2024-06-06T10:53:09.036Z", "user": 1, "content_type": 11, "object_id": "772", "object_repr": "AppointmentItem object (772)", "action_flag": 3, "change_message": ""}}, {"model": "admin.logentry", "pk": 214, "fields": {"action_time": "2024-06-06T10:53:09.040Z", "user": 1, "content_type": 11, "object_id": "771", "object_repr": "AppointmentItem object (771)", "action_flag": 3, "change_message": ""}}, {"model": "admin.logentry", "pk": 215, "fields": {"action_time": "2024-06-06T10:53:09.045Z", "user": 1, "content_type": 11, "object_id": "770", "object_repr": "AppointmentItem object (770)", "action_flag": 3, "change_message": ""}}, {"model": "admin.logentry", "pk": 216, "fields": {"action_time": "2024-06-06T10:53:09.049Z", "user": 1, "content_type": 11, "object_id": "769", "object_repr": "AppointmentItem object (769)", "action_flag": 3, "change_message": ""}}, {"model": "admin.logentry", "pk": 217, "fields": {"action_time": "2024-06-06T10:53:09.054Z", "user": 1, "content_type": 11, "object_id": "768", "object_repr": "AppointmentItem object (768)", "action_flag": 3, "change_message": ""}}, {"model": "admin.logentry", "pk": 218, "fields": {"action_time": "2024-06-06T10:53:09.059Z", "user": 1, "content_type": 11, "object_id": "767", "object_repr": "AppointmentItem object (767)", "action_flag": 3, "change_message": ""}}, {"model": "admin.logentry", "pk": 219, "fields": {"action_time": "2024-06-06T10:53:09.064Z", "user": 1, "content_type": 11, "object_id": "766", "object_repr": "AppointmentItem object (766)", "action_flag": 3, "change_message": ""}}, {"model": "admin.logentry", "pk": 220, "fields": {"action_time": "2024-06-06T10:53:09.068Z", "user": 1, "content_type": 11, "object_id": "765", "object_repr": "AppointmentItem object (765)", "action_flag": 3, "change_message": ""}}, {"model": "admin.logentry", "pk": 221, "fields": {"action_time": "2024-06-06T10:53:09.073Z", "user": 1, "content_type": 11, "object_id": "764", "object_repr": "AppointmentItem object (764)", "action_flag": 3, "change_message": ""}}, {"model": "admin.logentry", "pk": 222, "fields": {"action_time": "2024-06-06T10:53:09.078Z", "user": 1, "content_type": 11, "object_id": "763", "object_repr": "AppointmentItem object (763)", "action_flag": 3, "change_message": ""}}, {"model": "admin.logentry", "pk": 223, "fields": {"action_time": "2024-06-06T10:53:09.083Z", "user": 1, "content_type": 11, "object_id": "762", "object_repr": "AppointmentItem object (762)", "action_flag": 3, "change_message": ""}}, {"model": "admin.logentry", "pk": 224, "fields": {"action_time": "2024-06-06T10:53:09.087Z", "user": 1, "content_type": 11, "object_id": "761", "object_repr": "AppointmentItem object (761)", "action_flag": 3, "change_message": ""}}, {"model": "admin.logentry", "pk": 225, "fields": {"action_time": "2024-06-06T10:53:09.092Z", "user": 1, "content_type": 11, "object_id": "760", "object_repr": "AppointmentItem object (760)", "action_flag": 3, "change_message": ""}}, {"model": "admin.logentry", "pk": 226, "fields": {"action_time": "2024-06-06T10:53:09.096Z", "user": 1, "content_type": 11, "object_id": "759", "object_repr": "AppointmentItem object (759)", "action_flag": 3, "change_message": ""}}, {"model": "admin.logentry", "pk": 227, "fields": {"action_time": "2024-06-06T10:53:09.101Z", "user": 1, "content_type": 11, "object_id": "758", "object_repr": "AppointmentItem object (758)", "action_flag": 3, "change_message": ""}}, {"model": "admin.logentry", "pk": 228, "fields": {"action_time": "2024-06-06T10:53:09.105Z", "user": 1, "content_type": 11, "object_id": "757", "object_repr": "AppointmentItem object (757)", "action_flag": 3, "change_message": ""}}, {"model": "admin.logentry", "pk": 229, "fields": {"action_time": "2024-06-06T10:53:09.110Z", "user": 1, "content_type": 11, "object_id": "756", "object_repr": "AppointmentItem object (756)", "action_flag": 3, "change_message": ""}}, {"model": "admin.logentry", "pk": 230, "fields": {"action_time": "2024-06-06T10:53:09.114Z", "user": 1, "content_type": 11, "object_id": "755", "object_repr": "AppointmentItem object (755)", "action_flag": 3, "change_message": ""}}, {"model": "admin.logentry", "pk": 231, "fields": {"action_time": "2024-06-06T10:53:09.119Z", "user": 1, "content_type": 11, "object_id": "754", "object_repr": "AppointmentItem object (754)", "action_flag": 3, "change_message": ""}}, {"model": "admin.logentry", "pk": 232, "fields": {"action_time": "2024-06-06T10:53:09.123Z", "user": 1, "content_type": 11, "object_id": "753", "object_repr": "AppointmentItem object (753)", "action_flag": 3, "change_message": ""}}, {"model": "admin.logentry", "pk": 233, "fields": {"action_time": "2024-06-06T10:53:09.129Z", "user": 1, "content_type": 11, "object_id": "752", "object_repr": "AppointmentItem object (752)", "action_flag": 3, "change_message": ""}}, {"model": "admin.logentry", "pk": 234, "fields": {"action_time": "2024-06-06T10:53:09.133Z", "user": 1, "content_type": 11, "object_id": "751", "object_repr": "AppointmentItem object (751)", "action_flag": 3, "change_message": ""}}, {"model": "admin.logentry", "pk": 235, "fields": {"action_time": "2024-06-06T10:53:09.138Z", "user": 1, "content_type": 11, "object_id": "750", "object_repr": "AppointmentItem object (750)", "action_flag": 3, "change_message": ""}}, {"model": "admin.logentry", "pk": 236, "fields": {"action_time": "2024-06-06T10:53:09.143Z", "user": 1, "content_type": 11, "object_id": "749", "object_repr": "AppointmentItem object (749)", "action_flag": 3, "change_message": ""}}, {"model": "admin.logentry", "pk": 237, "fields": {"action_time": "2024-06-06T10:53:09.148Z", "user": 1, "content_type": 11, "object_id": "748", "object_repr": "AppointmentItem object (748)", "action_flag": 3, "change_message": ""}}, {"model": "admin.logentry", "pk": 238, "fields": {"action_time": "2024-06-06T10:53:09.153Z", "user": 1, "content_type": 11, "object_id": "747", "object_repr": "AppointmentItem object (747)", "action_flag": 3, "change_message": ""}}, {"model": "admin.logentry", "pk": 239, "fields": {"action_time": "2024-06-06T10:53:09.158Z", "user": 1, "content_type": 11, "object_id": "746", "object_repr": "AppointmentItem object (746)", "action_flag": 3, "change_message": ""}}, {"model": "admin.logentry", "pk": 240, "fields": {"action_time": "2024-06-06T10:53:09.162Z", "user": 1, "content_type": 11, "object_id": "745", "object_repr": "AppointmentItem object (745)", "action_flag": 3, "change_message": ""}}, {"model": "admin.logentry", "pk": 241, "fields": {"action_time": "2024-06-06T10:53:09.168Z", "user": 1, "content_type": 11, "object_id": "744", "object_repr": "AppointmentItem object (744)", "action_flag": 3, "change_message": ""}}, {"model": "admin.logentry", "pk": 242, "fields": {"action_time": "2024-06-06T10:53:09.172Z", "user": 1, "content_type": 11, "object_id": "743", "object_repr": "AppointmentItem object (743)", "action_flag": 3, "change_message": ""}}, {"model": "admin.logentry", "pk": 243, "fields": {"action_time": "2024-06-06T10:53:09.177Z", "user": 1, "content_type": 11, "object_id": "742", "object_repr": "AppointmentItem object (742)", "action_flag": 3, "change_message": ""}}, {"model": "admin.logentry", "pk": 244, "fields": {"action_time": "2024-06-06T10:53:09.182Z", "user": 1, "content_type": 11, "object_id": "741", "object_repr": "AppointmentItem object (741)", "action_flag": 3, "change_message": ""}}, {"model": "admin.logentry", "pk": 245, "fields": {"action_time": "2024-06-06T10:53:09.187Z", "user": 1, "content_type": 11, "object_id": "740", "object_repr": "AppointmentItem object (740)", "action_flag": 3, "change_message": ""}}, {"model": "admin.logentry", "pk": 246, "fields": {"action_time": "2024-06-06T10:53:09.191Z", "user": 1, "content_type": 11, "object_id": "739", "object_repr": "AppointmentItem object (739)", "action_flag": 3, "change_message": ""}}, {"model": "admin.logentry", "pk": 247, "fields": {"action_time": "2024-06-06T10:53:09.197Z", "user": 1, "content_type": 11, "object_id": "738", "object_repr": "AppointmentItem object (738)", "action_flag": 3, "change_message": ""}}, {"model": "admin.logentry", "pk": 248, "fields": {"action_time": "2024-06-06T10:53:09.201Z", "user": 1, "content_type": 11, "object_id": "737", "object_repr": "AppointmentItem object (737)", "action_flag": 3, "change_message": ""}}, {"model": "admin.logentry", "pk": 249, "fields": {"action_time": "2024-06-06T10:53:09.206Z", "user": 1, "content_type": 11, "object_id": "736", "object_repr": "AppointmentItem object (736)", "action_flag": 3, "change_message": ""}}, {"model": "admin.logentry", "pk": 250, "fields": {"action_time": "2024-06-06T10:53:09.211Z", "user": 1, "content_type": 11, "object_id": "735", "object_repr": "AppointmentItem object (735)", "action_flag": 3, "change_message": ""}}, {"model": "admin.logentry", "pk": 251, "fields": {"action_time": "2024-06-06T10:53:09.217Z", "user": 1, "content_type": 11, "object_id": "734", "object_repr": "AppointmentItem object (734)", "action_flag": 3, "change_message": ""}}, {"model": "admin.logentry", "pk": 252, "fields": {"action_time": "2024-06-06T10:53:09.221Z", "user": 1, "content_type": 11, "object_id": "733", "object_repr": "AppointmentItem object (733)", "action_flag": 3, "change_message": ""}}, {"model": "admin.logentry", "pk": 253, "fields": {"action_time": "2024-06-06T10:53:09.226Z", "user": 1, "content_type": 11, "object_id": "732", "object_repr": "AppointmentItem object (732)", "action_flag": 3, "change_message": ""}}, {"model": "admin.logentry", "pk": 254, "fields": {"action_time": "2024-06-06T10:53:09.230Z", "user": 1, "content_type": 11, "object_id": "731", "object_repr": "AppointmentItem object (731)", "action_flag": 3, "change_message": ""}}, {"model": "admin.logentry", "pk": 255, "fields": {"action_time": "2024-06-06T10:53:09.236Z", "user": 1, "content_type": 11, "object_id": "730", "object_repr": "AppointmentItem object (730)", "action_flag": 3, "change_message": ""}}, {"model": "admin.logentry", "pk": 256, "fields": {"action_time": "2024-06-06T10:53:09.240Z", "user": 1, "content_type": 11, "object_id": "729", "object_repr": "AppointmentItem object (729)", "action_flag": 3, "change_message": ""}}, {"model": "admin.logentry", "pk": 257, "fields": {"action_time": "2024-06-06T10:53:09.245Z", "user": 1, "content_type": 11, "object_id": "728", "object_repr": "AppointmentItem object (728)", "action_flag": 3, "change_message": ""}}, {"model": "admin.logentry", "pk": 258, "fields": {"action_time": "2024-06-06T10:53:09.250Z", "user": 1, "content_type": 11, "object_id": "727", "object_repr": "AppointmentItem object (727)", "action_flag": 3, "change_message": ""}}, {"model": "admin.logentry", "pk": 259, "fields": {"action_time": "2024-06-06T10:53:09.255Z", "user": 1, "content_type": 11, "object_id": "726", "object_repr": "AppointmentItem object (726)", "action_flag": 3, "change_message": ""}}, {"model": "admin.logentry", "pk": 260, "fields": {"action_time": "2024-06-06T10:53:09.259Z", "user": 1, "content_type": 11, "object_id": "725", "object_repr": "AppointmentItem object (725)", "action_flag": 3, "change_message": ""}}, {"model": "admin.logentry", "pk": 261, "fields": {"action_time": "2024-06-06T10:53:09.264Z", "user": 1, "content_type": 11, "object_id": "724", "object_repr": "AppointmentItem object (724)", "action_flag": 3, "change_message": ""}}, {"model": "admin.logentry", "pk": 262, "fields": {"action_time": "2024-06-06T10:53:09.269Z", "user": 1, "content_type": 11, "object_id": "723", "object_repr": "AppointmentItem object (723)", "action_flag": 3, "change_message": ""}}, {"model": "admin.logentry", "pk": 263, "fields": {"action_time": "2024-06-06T10:53:09.274Z", "user": 1, "content_type": 11, "object_id": "722", "object_repr": "AppointmentItem object (722)", "action_flag": 3, "change_message": ""}}, {"model": "admin.logentry", "pk": 264, "fields": {"action_time": "2024-06-06T10:53:09.279Z", "user": 1, "content_type": 11, "object_id": "721", "object_repr": "AppointmentItem object (721)", "action_flag": 3, "change_message": ""}}, {"model": "admin.logentry", "pk": 265, "fields": {"action_time": "2024-06-06T10:53:09.284Z", "user": 1, "content_type": 11, "object_id": "720", "object_repr": "AppointmentItem object (720)", "action_flag": 3, "change_message": ""}}, {"model": "admin.logentry", "pk": 266, "fields": {"action_time": "2024-06-06T10:53:09.288Z", "user": 1, "content_type": 11, "object_id": "719", "object_repr": "AppointmentItem object (719)", "action_flag": 3, "change_message": ""}}, {"model": "admin.logentry", "pk": 267, "fields": {"action_time": "2024-06-06T10:53:09.294Z", "user": 1, "content_type": 11, "object_id": "718", "object_repr": "AppointmentItem object (718)", "action_flag": 3, "change_message": ""}}, {"model": "admin.logentry", "pk": 268, "fields": {"action_time": "2024-06-06T10:53:09.298Z", "user": 1, "content_type": 11, "object_id": "717", "object_repr": "AppointmentItem object (717)", "action_flag": 3, "change_message": ""}}, {"model": "admin.logentry", "pk": 269, "fields": {"action_time": "2024-06-06T10:53:09.304Z", "user": 1, "content_type": 11, "object_id": "716", "object_repr": "AppointmentItem object (716)", "action_flag": 3, "change_message": ""}}, {"model": "admin.logentry", "pk": 270, "fields": {"action_time": "2024-06-06T10:53:09.308Z", "user": 1, "content_type": 11, "object_id": "715", "object_repr": "AppointmentItem object (715)", "action_flag": 3, "change_message": ""}}, {"model": "admin.logentry", "pk": 271, "fields": {"action_time": "2024-06-06T10:53:09.313Z", "user": 1, "content_type": 11, "object_id": "714", "object_repr": "AppointmentItem object (714)", "action_flag": 3, "change_message": ""}}, {"model": "admin.logentry", "pk": 272, "fields": {"action_time": "2024-06-06T10:53:09.318Z", "user": 1, "content_type": 11, "object_id": "713", "object_repr": "AppointmentItem object (713)", "action_flag": 3, "change_message": ""}}, {"model": "admin.logentry", "pk": 273, "fields": {"action_time": "2024-06-06T10:53:09.323Z", "user": 1, "content_type": 11, "object_id": "712", "object_repr": "AppointmentItem object (712)", "action_flag": 3, "change_message": ""}}, {"model": "admin.logentry", "pk": 274, "fields": {"action_time": "2024-06-06T10:53:09.327Z", "user": 1, "content_type": 11, "object_id": "711", "object_repr": "AppointmentItem object (711)", "action_flag": 3, "change_message": ""}}, {"model": "admin.logentry", "pk": 275, "fields": {"action_time": "2024-06-06T10:53:09.333Z", "user": 1, "content_type": 11, "object_id": "710", "object_repr": "AppointmentItem object (710)", "action_flag": 3, "change_message": ""}}, {"model": "admin.logentry", "pk": 276, "fields": {"action_time": "2024-06-06T10:53:09.337Z", "user": 1, "content_type": 11, "object_id": "709", "object_repr": "AppointmentItem object (709)", "action_flag": 3, "change_message": ""}}, {"model": "admin.logentry", "pk": 277, "fields": {"action_time": "2024-06-06T10:53:09.342Z", "user": 1, "content_type": 11, "object_id": "708", "object_repr": "AppointmentItem object (708)", "action_flag": 3, "change_message": ""}}, {"model": "admin.logentry", "pk": 278, "fields": {"action_time": "2024-06-06T10:53:09.347Z", "user": 1, "content_type": 11, "object_id": "707", "object_repr": "AppointmentItem object (707)", "action_flag": 3, "change_message": ""}}, {"model": "admin.logentry", "pk": 279, "fields": {"action_time": "2024-06-06T10:53:09.352Z", "user": 1, "content_type": 11, "object_id": "706", "object_repr": "AppointmentItem object (706)", "action_flag": 3, "change_message": ""}}, {"model": "admin.logentry", "pk": 280, "fields": {"action_time": "2024-06-06T10:53:09.356Z", "user": 1, "content_type": 11, "object_id": "705", "object_repr": "AppointmentItem object (705)", "action_flag": 3, "change_message": ""}}, {"model": "admin.logentry", "pk": 281, "fields": {"action_time": "2024-06-06T10:53:09.362Z", "user": 1, "content_type": 11, "object_id": "704", "object_repr": "AppointmentItem object (704)", "action_flag": 3, "change_message": ""}}, {"model": "admin.logentry", "pk": 282, "fields": {"action_time": "2024-06-06T10:53:09.366Z", "user": 1, "content_type": 11, "object_id": "703", "object_repr": "AppointmentItem object (703)", "action_flag": 3, "change_message": ""}}, {"model": "admin.logentry", "pk": 283, "fields": {"action_time": "2024-06-06T10:53:09.371Z", "user": 1, "content_type": 11, "object_id": "702", "object_repr": "AppointmentItem object (702)", "action_flag": 3, "change_message": ""}}, {"model": "admin.logentry", "pk": 284, "fields": {"action_time": "2024-06-06T10:53:09.376Z", "user": 1, "content_type": 11, "object_id": "701", "object_repr": "AppointmentItem object (701)", "action_flag": 3, "change_message": ""}}, {"model": "admin.logentry", "pk": 285, "fields": {"action_time": "2024-06-06T10:53:09.381Z", "user": 1, "content_type": 11, "object_id": "700", "object_repr": "AppointmentItem object (700)", "action_flag": 3, "change_message": ""}}, {"model": "admin.logentry", "pk": 286, "fields": {"action_time": "2024-06-06T10:53:09.385Z", "user": 1, "content_type": 11, "object_id": "699", "object_repr": "AppointmentItem object (699)", "action_flag": 3, "change_message": ""}}, {"model": "admin.logentry", "pk": 287, "fields": {"action_time": "2024-06-06T10:53:09.390Z", "user": 1, "content_type": 11, "object_id": "698", "object_repr": "AppointmentItem object (698)", "action_flag": 3, "change_message": ""}}, {"model": "admin.logentry", "pk": 288, "fields": {"action_time": "2024-06-06T10:53:09.395Z", "user": 1, "content_type": 11, "object_id": "697", "object_repr": "AppointmentItem object (697)", "action_flag": 3, "change_message": ""}}, {"model": "admin.logentry", "pk": 289, "fields": {"action_time": "2024-06-06T10:53:09.400Z", "user": 1, "content_type": 11, "object_id": "696", "object_repr": "AppointmentItem object (696)", "action_flag": 3, "change_message": ""}}, {"model": "admin.logentry", "pk": 290, "fields": {"action_time": "2024-06-06T10:53:09.404Z", "user": 1, "content_type": 11, "object_id": "695", "object_repr": "AppointmentItem object (695)", "action_flag": 3, "change_message": ""}}, {"model": "admin.logentry", "pk": 291, "fields": {"action_time": "2024-06-06T10:53:09.410Z", "user": 1, "content_type": 11, "object_id": "694", "object_repr": "AppointmentItem object (694)", "action_flag": 3, "change_message": ""}}, {"model": "admin.logentry", "pk": 292, "fields": {"action_time": "2024-06-06T10:53:09.414Z", "user": 1, "content_type": 11, "object_id": "693", "object_repr": "AppointmentItem object (693)", "action_flag": 3, "change_message": ""}}, {"model": "admin.logentry", "pk": 293, "fields": {"action_time": "2024-06-06T10:53:09.419Z", "user": 1, "content_type": 11, "object_id": "692", "object_repr": "AppointmentItem object (692)", "action_flag": 3, "change_message": ""}}, {"model": "admin.logentry", "pk": 294, "fields": {"action_time": "2024-06-06T10:53:09.424Z", "user": 1, "content_type": 11, "object_id": "691", "object_repr": "AppointmentItem object (691)", "action_flag": 3, "change_message": ""}}, {"model": "admin.logentry", "pk": 295, "fields": {"action_time": "2024-06-06T10:53:09.429Z", "user": 1, "content_type": 11, "object_id": "690", "object_repr": "AppointmentItem object (690)", "action_flag": 3, "change_message": ""}}, {"model": "admin.logentry", "pk": 296, "fields": {"action_time": "2024-06-06T10:53:09.433Z", "user": 1, "content_type": 11, "object_id": "689", "object_repr": "AppointmentItem object (689)", "action_flag": 3, "change_message": ""}}, {"model": "admin.logentry", "pk": 297, "fields": {"action_time": "2024-06-06T10:53:09.438Z", "user": 1, "content_type": 11, "object_id": "688", "object_repr": "AppointmentItem object (688)", "action_flag": 3, "change_message": ""}}, {"model": "admin.logentry", "pk": 298, "fields": {"action_time": "2024-06-06T10:53:09.443Z", "user": 1, "content_type": 11, "object_id": "687", "object_repr": "AppointmentItem object (687)", "action_flag": 3, "change_message": ""}}, {"model": "admin.logentry", "pk": 299, "fields": {"action_time": "2024-06-06T10:53:09.448Z", "user": 1, "content_type": 11, "object_id": "686", "object_repr": "AppointmentItem object (686)", "action_flag": 3, "change_message": ""}}, {"model": "admin.logentry", "pk": 300, "fields": {"action_time": "2024-06-06T10:53:16.959Z", "user": 1, "content_type": 11, "object_id": "685", "object_repr": "AppointmentItem object (685)", "action_flag": 3, "change_message": ""}}, {"model": "admin.logentry", "pk": 301, "fields": {"action_time": "2024-06-06T10:53:16.964Z", "user": 1, "content_type": 11, "object_id": "684", "object_repr": "AppointmentItem object (684)", "action_flag": 3, "change_message": ""}}, {"model": "admin.logentry", "pk": 302, "fields": {"action_time": "2024-06-06T10:53:16.970Z", "user": 1, "content_type": 11, "object_id": "683", "object_repr": "AppointmentItem object (683)", "action_flag": 3, "change_message": ""}}, {"model": "admin.logentry", "pk": 303, "fields": {"action_time": "2024-06-06T10:53:16.974Z", "user": 1, "content_type": 11, "object_id": "682", "object_repr": "AppointmentItem object (682)", "action_flag": 3, "change_message": ""}}, {"model": "admin.logentry", "pk": 304, "fields": {"action_time": "2024-06-06T10:53:16.979Z", "user": 1, "content_type": 11, "object_id": "681", "object_repr": "AppointmentItem object (681)", "action_flag": 3, "change_message": ""}}, {"model": "admin.logentry", "pk": 305, "fields": {"action_time": "2024-06-06T10:53:16.983Z", "user": 1, "content_type": 11, "object_id": "680", "object_repr": "AppointmentItem object (680)", "action_flag": 3, "change_message": ""}}, {"model": "admin.logentry", "pk": 306, "fields": {"action_time": "2024-06-06T10:53:16.989Z", "user": 1, "content_type": 11, "object_id": "679", "object_repr": "AppointmentItem object (679)", "action_flag": 3, "change_message": ""}}, {"model": "admin.logentry", "pk": 307, "fields": {"action_time": "2024-06-06T10:53:16.993Z", "user": 1, "content_type": 11, "object_id": "678", "object_repr": "AppointmentItem object (678)", "action_flag": 3, "change_message": ""}}, {"model": "admin.logentry", "pk": 308, "fields": {"action_time": "2024-06-06T10:53:16.998Z", "user": 1, "content_type": 11, "object_id": "677", "object_repr": "AppointmentItem object (677)", "action_flag": 3, "change_message": ""}}, {"model": "admin.logentry", "pk": 309, "fields": {"action_time": "2024-06-06T10:53:17.003Z", "user": 1, "content_type": 11, "object_id": "676", "object_repr": "AppointmentItem object (676)", "action_flag": 3, "change_message": ""}}, {"model": "admin.logentry", "pk": 310, "fields": {"action_time": "2024-06-06T10:53:17.008Z", "user": 1, "content_type": 11, "object_id": "675", "object_repr": "AppointmentItem object (675)", "action_flag": 3, "change_message": ""}}, {"model": "admin.logentry", "pk": 311, "fields": {"action_time": "2024-06-06T10:53:17.013Z", "user": 1, "content_type": 11, "object_id": "674", "object_repr": "AppointmentItem object (674)", "action_flag": 3, "change_message": ""}}, {"model": "admin.logentry", "pk": 312, "fields": {"action_time": "2024-06-06T10:53:17.019Z", "user": 1, "content_type": 11, "object_id": "673", "object_repr": "AppointmentItem object (673)", "action_flag": 3, "change_message": ""}}, {"model": "admin.logentry", "pk": 313, "fields": {"action_time": "2024-06-06T10:53:17.024Z", "user": 1, "content_type": 11, "object_id": "672", "object_repr": "AppointmentItem object (672)", "action_flag": 3, "change_message": ""}}, {"model": "admin.logentry", "pk": 314, "fields": {"action_time": "2024-06-06T10:53:17.029Z", "user": 1, "content_type": 11, "object_id": "671", "object_repr": "AppointmentItem object (671)", "action_flag": 3, "change_message": ""}}, {"model": "admin.logentry", "pk": 315, "fields": {"action_time": "2024-06-06T10:53:17.034Z", "user": 1, "content_type": 11, "object_id": "670", "object_repr": "AppointmentItem object (670)", "action_flag": 3, "change_message": ""}}, {"model": "admin.logentry", "pk": 316, "fields": {"action_time": "2024-06-06T10:53:17.039Z", "user": 1, "content_type": 11, "object_id": "669", "object_repr": "AppointmentItem object (669)", "action_flag": 3, "change_message": ""}}, {"model": "admin.logentry", "pk": 317, "fields": {"action_time": "2024-06-06T10:53:17.043Z", "user": 1, "content_type": 11, "object_id": "668", "object_repr": "AppointmentItem object (668)", "action_flag": 3, "change_message": ""}}, {"model": "admin.logentry", "pk": 318, "fields": {"action_time": "2024-06-06T10:53:17.049Z", "user": 1, "content_type": 11, "object_id": "667", "object_repr": "AppointmentItem object (667)", "action_flag": 3, "change_message": ""}}, {"model": "admin.logentry", "pk": 319, "fields": {"action_time": "2024-06-06T10:53:17.053Z", "user": 1, "content_type": 11, "object_id": "666", "object_repr": "AppointmentItem object (666)", "action_flag": 3, "change_message": ""}}, {"model": "admin.logentry", "pk": 320, "fields": {"action_time": "2024-06-06T10:53:17.059Z", "user": 1, "content_type": 11, "object_id": "665", "object_repr": "AppointmentItem object (665)", "action_flag": 3, "change_message": ""}}, {"model": "admin.logentry", "pk": 321, "fields": {"action_time": "2024-06-06T10:53:17.063Z", "user": 1, "content_type": 11, "object_id": "664", "object_repr": "AppointmentItem object (664)", "action_flag": 3, "change_message": ""}}, {"model": "admin.logentry", "pk": 322, "fields": {"action_time": "2024-06-06T10:53:17.068Z", "user": 1, "content_type": 11, "object_id": "663", "object_repr": "AppointmentItem object (663)", "action_flag": 3, "change_message": ""}}, {"model": "admin.logentry", "pk": 323, "fields": {"action_time": "2024-06-06T10:53:17.072Z", "user": 1, "content_type": 11, "object_id": "662", "object_repr": "AppointmentItem object (662)", "action_flag": 3, "change_message": ""}}, {"model": "admin.logentry", "pk": 324, "fields": {"action_time": "2024-06-06T10:53:17.077Z", "user": 1, "content_type": 11, "object_id": "661", "object_repr": "AppointmentItem object (661)", "action_flag": 3, "change_message": ""}}, {"model": "admin.logentry", "pk": 325, "fields": {"action_time": "2024-06-06T10:53:17.081Z", "user": 1, "content_type": 11, "object_id": "660", "object_repr": "AppointmentItem object (660)", "action_flag": 3, "change_message": ""}}, {"model": "admin.logentry", "pk": 326, "fields": {"action_time": "2024-06-06T10:53:17.086Z", "user": 1, "content_type": 11, "object_id": "659", "object_repr": "AppointmentItem object (659)", "action_flag": 3, "change_message": ""}}, {"model": "admin.logentry", "pk": 327, "fields": {"action_time": "2024-06-06T10:53:17.090Z", "user": 1, "content_type": 11, "object_id": "658", "object_repr": "AppointmentItem object (658)", "action_flag": 3, "change_message": ""}}, {"model": "admin.logentry", "pk": 328, "fields": {"action_time": "2024-06-06T10:53:17.095Z", "user": 1, "content_type": 11, "object_id": "657", "object_repr": "AppointmentItem object (657)", "action_flag": 3, "change_message": ""}}, {"model": "admin.logentry", "pk": 329, "fields": {"action_time": "2024-06-06T10:53:17.099Z", "user": 1, "content_type": 11, "object_id": "656", "object_repr": "AppointmentItem object (656)", "action_flag": 3, "change_message": ""}}, {"model": "admin.logentry", "pk": 330, "fields": {"action_time": "2024-06-06T10:53:17.104Z", "user": 1, "content_type": 11, "object_id": "655", "object_repr": "AppointmentItem object (655)", "action_flag": 3, "change_message": ""}}, {"model": "admin.logentry", "pk": 331, "fields": {"action_time": "2024-06-06T10:53:17.108Z", "user": 1, "content_type": 11, "object_id": "619", "object_repr": "AppointmentItem object (619)", "action_flag": 3, "change_message": ""}}, {"model": "admin.logentry", "pk": 332, "fields": {"action_time": "2024-06-06T10:53:17.114Z", "user": 1, "content_type": 11, "object_id": "618", "object_repr": "AppointmentItem object (618)", "action_flag": 3, "change_message": ""}}, {"model": "admin.logentry", "pk": 333, "fields": {"action_time": "2024-06-06T10:53:17.118Z", "user": 1, "content_type": 11, "object_id": "617", "object_repr": "AppointmentItem object (617)", "action_flag": 3, "change_message": ""}}, {"model": "admin.logentry", "pk": 334, "fields": {"action_time": "2024-06-06T10:53:17.123Z", "user": 1, "content_type": 11, "object_id": "616", "object_repr": "AppointmentItem object (616)", "action_flag": 3, "change_message": ""}}, {"model": "admin.logentry", "pk": 335, "fields": {"action_time": "2024-06-06T10:53:17.127Z", "user": 1, "content_type": 11, "object_id": "615", "object_repr": "AppointmentItem object (615)", "action_flag": 3, "change_message": ""}}, {"model": "admin.logentry", "pk": 336, "fields": {"action_time": "2024-06-06T10:53:17.133Z", "user": 1, "content_type": 11, "object_id": "614", "object_repr": "AppointmentItem object (614)", "action_flag": 3, "change_message": ""}}, {"model": "admin.logentry", "pk": 337, "fields": {"action_time": "2024-06-06T10:53:17.137Z", "user": 1, "content_type": 11, "object_id": "613", "object_repr": "AppointmentItem object (613)", "action_flag": 3, "change_message": ""}}, {"model": "admin.logentry", "pk": 338, "fields": {"action_time": "2024-06-06T11:07:00.294Z", "user": 1, "content_type": 7, "object_id": "82", "object_repr": "Запись  2024-06-16 13:00:00-16:00:00", "action_flag": 3, "change_message": ""}}, {"model": "admin.logentry", "pk": 339, "fields": {"action_time": "2024-06-06T11:07:00.300Z", "user": 1, "content_type": 7, "object_id": "81", "object_repr": "Запись  2024-06-29 13:00:00-15:00:00", "action_flag": 3, "change_message": ""}}, {"model": "admin.logentry", "pk": 340, "fields": {"action_time": "2024-06-06T11:07:00.305Z", "user": 1, "content_type": 7, "object_id": "80", "object_repr": "Запись  2024-06-26 20:00:00-22:00:00", "action_flag": 3, "change_message": ""}}, {"model": "admin.logentry", "pk": 341, "fields": {"action_time": "2024-06-06T11:18:17.110Z", "user": 1, "content_type": 7, "object_id": "84", "object_repr": "Запись  2024-06-16 14:00:00-16:00:00", "action_flag": 3, "change_message": ""}}, {"model": "admin.logentry", "pk": 342, "fields": {"action_time": "2024-06-06T11:18:17.115Z", "user": 1, "content_type": 7, "object_id": "83", "object_repr": "Запись  2024-06-16 19:00:00-21:00:00", "action_flag": 3, "change_message": ""}}, {"model": "admin.logentry", "pk": 343, "fields": {"action_time": "2024-06-06T11:20:40.499Z", "user": 1, "content_type": 7, "object_id": "85", "object_repr": "Запись  2024-06-16 19:00:00-21:00:00", "action_flag": 3, "change_message": ""}}, {"model": "admin.logentry", "pk": 344, "fields": {"action_time": "2024-06-06T11:22:23.281Z", "user": 1, "content_type": 7, "object_id": "86", "object_repr": "Запись  2024-06-16 19:00:00-21:00:00", "action_flag": 3, "change_message": ""}}, {"model": "admin.logentry", "pk": 345, "fields": {"action_time": "2024-06-06T11:23:37.665Z", "user": 1, "content_type": 7, "object_id": "87", "object_repr": "Запись  2024-06-16 19:00:00-21:00:00", "action_flag": 3, "change_message": ""}}, {"model": "admin.logentry", "pk": 346, "fields": {"action_time": "2024-06-06T11:32:58.008Z", "user": 1, "content_type": 7, "object_id": "88", "object_repr": "Запись  2024-06-16 19:00:00-21:00:00", "action_flag": 3, "change_message": ""}}, {"model": "admin.logentry", "pk": 347, "fields": {"action_time": "2024-06-06T11:32:58.013Z", "user": 1, "content_type": 7, "object_id": "79", "object_repr": "Запись  2024-06-06 13:00:00-15:00:00", "action_flag": 3, "change_message": ""}}, {"model": "admin.logentry", "pk": 348, "fields": {"action_time": "2024-06-06T11:32:58.019Z", "user": 1, "content_type": 7, "object_id": "78", "object_repr": "Запись  2024-06-06 20:00:00-22:00:00", "action_flag": 3, "change_message": ""}}, {"model": "admin.logentry", "pk": 349, "fields": {"action_time": "2024-06-06T11:32:58.023Z", "user": 1, "content_type": 7, "object_id": "77", "object_repr": "Запись  2024-07-04 19:00:00-21:00:00", "action_flag": 3, "change_message": ""}}, {"model": "admin.logentry", "pk": 350, "fields": {"action_time": "2024-06-06T11:32:58.029Z", "user": 1, "content_type": 7, "object_id": "76", "object_repr": "Запись  2024-06-07 19:00:00-21:00:00", "action_flag": 3, "change_message": ""}}, {"model": "admin.logentry", "pk": 351, "fields": {"action_time": "2024-06-06T11:32:58.033Z", "user": 1, "content_type": 7, "object_id": "75", "object_repr": "Запись  2024-06-20 19:00:00-21:00:00", "action_flag": 3, "change_message": ""}}, {"model": "admin.logentry", "pk": 352, "fields": {"action_time": "2024-06-06T11:32:58.038Z", "user": 1, "content_type": 7, "object_id": "71", "object_repr": "Запись  2024-06-12 20:00:00-22:00:00", "action_flag": 3, "change_message": ""}}, {"model": "admin.logentry", "pk": 353, "fields": {"action_time": "2024-06-06T11:36:32.437Z", "user": 1, "content_type": 7, "object_id": "1", "object_repr": "Запись  2024-06-16 12:00:00-15:00:00", "action_flag": 3, "change_message": ""}}, {"model": "admin.logentry", "pk": 354, "fields": {"action_time": "2024-06-06T11:38:12.537Z", "user": 1, "content_type": 7, "object_id": "2", "object_repr": "Запись  2024-06-16 12:00:00-16:00:00", "action_flag": 3, "change_message": ""}}, {"model": "admin.logentry", "pk": 355, "fields": {"action_time": "2024-06-06T12:29:19.187Z", "user": 1, "content_type": 7, "object_id": "4", "object_repr": "Запись  2024-06-23 13:00:00-15:00:00", "action_flag": 3, "change_message": ""}}, {"model": "admin.logentry", "pk": 356, "fields": {"action_time": "2024-06-06T12:29:19.194Z", "user": 1, "content_type": 7, "object_id": "3", "object_repr": "Запись  2024-06-23 19:00:00-22:00:00", "action_flag": 3, "change_message": ""}}, {"model": "admin.logentry", "pk": 357, "fields": {"action_time": "2024-06-06T12:31:44.539Z", "user": 1, "content_type": 7, "object_id": "5", "object_repr": "Запись  2024-06-23 19:00:00-21:00:00", "action_flag": 3, "change_message": ""}}, {"model": "admin.logentry", "pk": 358, "fields": {"action_time": "2024-06-06T12:34:20.706Z", "user": 1, "content_type": 7, "object_id": "6", "object_repr": "Запись  2024-06-23 19:00:00-21:00:00", "action_flag": 3, "change_message": ""}}, {"model": "admin.logentry", "pk": 359, "fields": {"action_time": "2024-06-10T08:17:12.012Z", "user": 1, "content_type": 7, "object_id": "13", "object_repr": "Запись  2024-06-10 13:00:00-19:00:00", "action_flag": 3, "change_message": ""}}, {"model": "admin.logentry", "pk": 360, "fields": {"action_time": "2024-06-10T08:17:21.931Z", "user": 1, "content_type": 7, "object_id": "12", "object_repr": "Запись  2024-06-10 13:00:00-15:00:00", "action_flag": 3, "change_message": ""}}, {"model": "admin.logentry", "pk": 361, "fields": {"action_time": "2024-06-10T12:58:02.722Z", "user": 1, "content_type": 7, "object_id": "23", "object_repr": "Запись  2024-07-03 19:00:00-21:00:00", "action_flag": 3, "change_message": ""}}, {"model": "admin.logentry", "pk": 362, "fields": {"action_time": "2024-06-10T12:58:02.727Z", "user": 1, "content_type": 7, "object_id": "22", "object_repr": "Запись  2024-07-12 11:00:00-21:00:00", "action_flag": 3, "change_message": ""}}, {"model": "admin.logentry", "pk": 363, "fields": {"action_time": "2024-06-10T12:58:02.733Z", "user": 1, "content_type": 7, "object_id": "21", "object_repr": "Запись  2024-07-12 13:00:00-15:00:00", "action_flag": 3, "change_message": ""}}, {"model": "admin.logentry", "pk": 364, "fields": {"action_time": "2024-06-10T12:58:02.737Z", "user": 1, "content_type": 7, "object_id": "20", "object_repr": "Запись  2024-07-12 17:00:00-19:00:00", "action_flag": 3, "change_message": ""}}, {"model": "admin.logentry", "pk": 365, "fields": {"action_time": "2024-06-10T12:58:02.742Z", "user": 1, "content_type": 7, "object_id": "19", "object_repr": "Запись  2024-06-14 13:00:00-18:00:00", "action_flag": 3, "change_message": ""}}, {"model": "admin.logentry", "pk": 366, "fields": {"action_time": "2024-06-10T12:58:02.747Z", "user": 1, "content_type": 7, "object_id": "18", "object_repr": "Запись  2024-06-14 13:00:00-15:00:00", "action_flag": 3, "change_message": ""}}, {"model": "admin.logentry", "pk": 367, "fields": {"action_time": "2024-06-10T12:58:02.752Z", "user": 1, "content_type": 7, "object_id": "17", "object_repr": "Запись  2024-06-15 13:00:00-15:00:00", "action_flag": 3, "change_message": ""}}, {"model": "admin.logentry", "pk": 368, "fields": {"action_time": "2024-06-10T12:58:02.756Z", "user": 1, "content_type": 7, "object_id": "16", "object_repr": "Запись  2024-06-10 20:00:00-22:00:00", "action_flag": 3, "change_message": ""}}, {"model": "admin.logentry", "pk": 369, "fields": {"action_time": "2024-06-10T12:58:02.761Z", "user": 1, "content_type": 7, "object_id": "15", "object_repr": "Запись  2024-06-10 17:00:00-19:00:00", "action_flag": 3, "change_message": ""}}, {"model": "admin.logentry", "pk": 370, "fields": {"action_time": "2024-06-10T12:58:02.766Z", "user": 1, "content_type": 7, "object_id": "14", "object_repr": "Запись  2024-06-10 13:00:00-15:00:00", "action_flag": 3, "change_message": ""}}, {"model": "admin.logentry", "pk": 371, "fields": {"action_time": "2024-06-10T12:58:02.771Z", "user": 1, "content_type": 7, "object_id": "11", "object_repr": "Запись  2024-06-21 16:00:00-18:00:00", "action_flag": 3, "change_message": ""}}, {"model": "admin.logentry", "pk": 372, "fields": {"action_time": "2024-06-10T12:58:02.775Z", "user": 1, "content_type": 7, "object_id": "10", "object_repr": "Запись  2024-06-23 20:00:00-22:00:00", "action_flag": 3, "change_message": ""}}, {"model": "admin.logentry", "pk": 373, "fields": {"action_time": "2024-06-10T12:58:02.780Z", "user": 1, "content_type": 7, "object_id": "9", "object_repr": "Запись  2024-07-05 16:00:00-20:00:00", "action_flag": 3, "change_message": ""}}, {"model": "admin.logentry", "pk": 374, "fields": {"action_time": "2024-06-10T12:58:02.784Z", "user": 1, "content_type": 7, "object_id": "8", "object_repr": "Запись  2024-06-28 20:00:00-22:00:00", "action_flag": 3, "change_message": ""}}, {"model": "admin.logentry", "pk": 375, "fields": {"action_time": "2024-06-10T12:58:02.790Z", "user": 1, "content_type": 7, "object_id": "7", "object_repr": "Запись  2024-06-21 19:00:00-21:00:00", "action_flag": 3, "change_message": ""}}, {"model": "admin.logentry", "pk": 376, "fields": {"action_time": "2024-06-10T13:11:46.670Z", "user": 1, "content_type": 12, "object_id": "1", "object_repr": "2024-06-28 - 17:00:00 - 19:00:00", "action_flag": 3, "change_message": ""}}, {"model": "admin.logentry", "pk": 377, "fields": {"action_time": "2024-06-10T13:13:28.023Z", "user": 1, "content_type": 12, "object_id": "2", "object_repr": "2024-06-28 - 17:00:00 - 19:00:00", "action_flag": 3, "change_message": ""}}, {"model": "admin.logentry", "pk": 378, "fields": {"action_time": "2024-06-10T13:15:19.495Z", "user": 1, "content_type": 12, "object_id": "4", "object_repr": "2024-06-28 - 17:00:00 - 19:00:00", "action_flag": 3, "change_message": ""}}, {"model": "admin.logentry", "pk": 379, "fields": {"action_time": "2024-06-10T13:15:19.502Z", "user": 1, "content_type": 12, "object_id": "3", "object_repr": "2024-06-28 - 17:00:00 - 19:00:00", "action_flag": 3, "change_message": ""}}, {"model": "admin.logentry", "pk": 380, "fields": {"action_time": "2024-06-10T14:26:28.323Z", "user": 1, "content_type": 12, "object_id": "5", "object_repr": "2024-06-28 - 17:00:00 - 19:00:00", "action_flag": 3, "change_message": ""}}, {"model": "admin.logentry", "pk": 381, "fields": {"action_time": "2024-06-10T14:37:44.645Z", "user": 1, "content_type": 12, "object_id": "6", "object_repr": "2024-06-28 - 17:00:00 - 19:00:00", "action_flag": 3, "change_message": ""}}, {"model": "admin.logentry", "pk": 382, "fields": {"action_time": "2024-06-10T15:41:40.389Z", "user": 1, "content_type": 11, "object_id": "1155", "object_repr": "AppointmentItem object (1155)", "action_flag": 3, "change_message": ""}}, {"model": "admin.logentry", "pk": 383, "fields": {"action_time": "2024-06-10T15:48:39.986Z", "user": 1, "content_type": 11, "object_id": "1158", "object_repr": "AppointmentItem object (1158)", "action_flag": 3, "change_message": ""}}, {"model": "admin.logentry", "pk": 384, "fields": {"action_time": "2024-06-10T15:48:39.993Z", "user": 1, "content_type": 11, "object_id": "1157", "object_repr": "AppointmentItem object (1157)", "action_flag": 3, "change_message": ""}}, {"model": "admin.logentry", "pk": 385, "fields": {"action_time": "2024-06-10T15:48:39.998Z", "user": 1, "content_type": 11, "object_id": "1156", "object_repr": "AppointmentItem object (1156)", "action_flag": 3, "change_message": ""}}, {"model": "admin.logentry", "pk": 386, "fields": {"action_time": "2024-06-10T15:48:40.003Z", "user": 1, "content_type": 11, "object_id": "1154", "object_repr": "AppointmentItem object (1154)", "action_flag": 3, "change_message": ""}}, {"model": "admin.logentry", "pk": 387, "fields": {"action_time": "2024-06-10T15:48:40.008Z", "user": 1, "content_type": 11, "object_id": "1153", "object_repr": "AppointmentItem object (1153)", "action_flag": 3, "change_message": ""}}, {"model": "admin.logentry", "pk": 388, "fields": {"action_time": "2024-06-10T15:48:40.013Z", "user": 1, "content_type": 11, "object_id": "1152", "object_repr": "AppointmentItem object (1152)", "action_flag": 3, "change_message": ""}}, {"model": "admin.logentry", "pk": 389, "fields": {"action_time": "2024-06-10T15:48:40.017Z", "user": 1, "content_type": 11, "object_id": "1151", "object_repr": "AppointmentItem object (1151)", "action_flag": 3, "change_message": ""}}, {"model": "admin.logentry", "pk": 390, "fields": {"action_time": "2024-06-10T15:48:40.023Z", "user": 1, "content_type": 11, "object_id": "1150", "object_repr": "AppointmentItem object (1150)", "action_flag": 3, "change_message": ""}}, {"model": "admin.logentry", "pk": 391, "fields": {"action_time": "2024-06-10T15:48:40.027Z", "user": 1, "content_type": 11, "object_id": "1149", "object_repr": "AppointmentItem object (1149)", "action_flag": 3, "change_message": ""}}, {"model": "admin.logentry", "pk": 392, "fields": {"action_time": "2024-06-10T15:48:40.032Z", "user": 1, "content_type": 11, "object_id": "1148", "object_repr": "AppointmentItem object (1148)", "action_flag": 3, "change_message": ""}}, {"model": "admin.logentry", "pk": 393, "fields": {"action_time": "2024-06-10T15:48:40.036Z", "user": 1, "content_type": 11, "object_id": "1147", "object_repr": "AppointmentItem object (1147)", "action_flag": 3, "change_message": ""}}, {"model": "admin.logentry", "pk": 394, "fields": {"action_time": "2024-06-10T15:48:40.042Z", "user": 1, "content_type": 11, "object_id": "1146", "object_repr": "AppointmentItem object (1146)", "action_flag": 3, "change_message": ""}}, {"model": "admin.logentry", "pk": 395, "fields": {"action_time": "2024-06-10T15:48:40.046Z", "user": 1, "content_type": 11, "object_id": "1145", "object_repr": "AppointmentItem object (1145)", "action_flag": 3, "change_message": ""}}, {"model": "admin.logentry", "pk": 396, "fields": {"action_time": "2024-06-10T15:48:40.051Z", "user": 1, "content_type": 11, "object_id": "1144", "object_repr": "AppointmentItem object (1144)", "action_flag": 3, "change_message": ""}}, {"model": "admin.logentry", "pk": 397, "fields": {"action_time": "2024-06-10T15:48:40.055Z", "user": 1, "content_type": 11, "object_id": "1143", "object_repr": "AppointmentItem object (1143)", "action_flag": 3, "change_message": ""}}, {"model": "admin.logentry", "pk": 398, "fields": {"action_time": "2024-06-10T15:48:40.060Z", "user": 1, "content_type": 11, "object_id": "1142", "object_repr": "AppointmentItem object (1142)", "action_flag": 3, "change_message": ""}}, {"model": "admin.logentry", "pk": 399, "fields": {"action_time": "2024-06-10T15:48:40.065Z", "user": 1, "content_type": 11, "object_id": "1141", "object_repr": "AppointmentItem object (1141)", "action_flag": 3, "change_message": ""}}, {"model": "admin.logentry", "pk": 400, "fields": {"action_time": "2024-06-10T15:48:40.070Z", "user": 1, "content_type": 11, "object_id": "1140", "object_repr": "AppointmentItem object (1140)", "action_flag": 3, "change_message": ""}}, {"model": "admin.logentry", "pk": 401, "fields": {"action_time": "2024-06-10T15:48:40.074Z", "user": 1, "content_type": 11, "object_id": "1139", "object_repr": "AppointmentItem object (1139)", "action_flag": 3, "change_message": ""}}, {"model": "admin.logentry", "pk": 402, "fields": {"action_time": "2024-06-10T15:48:40.079Z", "user": 1, "content_type": 11, "object_id": "1138", "object_repr": "AppointmentItem object (1138)", "action_flag": 3, "change_message": ""}}, {"model": "admin.logentry", "pk": 403, "fields": {"action_time": "2024-06-10T16:20:45.974Z", "user": 1, "content_type": 11, "object_id": "1159", "object_repr": "AppointmentItem object (1159)", "action_flag": 3, "change_message": ""}}, {"model": "admin.logentry", "pk": 404, "fields": {"action_time": "2024-06-10T16:21:48.857Z", "user": 1, "content_type": 7, "object_id": "24", "object_repr": "Запись  2024-06-28 17:00:00-19:00:00", "action_flag": 3, "change_message": ""}}, {"model": "admin.logentry", "pk": 405, "fields": {"action_time": "2024-06-10T16:22:18.634Z", "user": 1, "content_type": 10, "object_id": "1", "object_repr": "Ротэнбуро", "action_flag": 3, "change_message": ""}}, {"model": "admin.logentry", "pk": 406, "fields": {"action_time": "2024-06-10T16:50:53.152Z", "user": 1, "content_type": 11, "object_id": "1171", "object_repr": "AppointmentItem object (1171)", "action_flag": 3, "change_message": ""}}, {"model": "admin.logentry", "pk": 407, "fields": {"action_time": "2024-06-10T16:50:53.158Z", "user": 1, "content_type": 11, "object_id": "1170", "object_repr": "AppointmentItem object (1170)", "action_flag": 3, "change_message": ""}}, {"model": "admin.logentry", "pk": 408, "fields": {"action_time": "2024-06-10T16:50:53.164Z", "user": 1, "content_type": 11, "object_id": "1169", "object_repr": "AppointmentItem object (1169)", "action_flag": 3, "change_message": ""}}, {"model": "admin.logentry", "pk": 409, "fields": {"action_time": "2024-06-10T16:50:53.168Z", "user": 1, "content_type": 11, "object_id": "1168", "object_repr": "AppointmentItem object (1168)", "action_flag": 3, "change_message": ""}}, {"model": "admin.logentry", "pk": 410, "fields": {"action_time": "2024-06-10T16:50:53.173Z", "user": 1, "content_type": 11, "object_id": "1167", "object_repr": "AppointmentItem object (1167)", "action_flag": 3, "change_message": ""}}, {"model": "admin.logentry", "pk": 411, "fields": {"action_time": "2024-06-10T16:50:53.178Z", "user": 1, "content_type": 11, "object_id": "1166", "object_repr": "AppointmentItem object (1166)", "action_flag": 3, "change_message": ""}}, {"model": "admin.logentry", "pk": 412, "fields": {"action_time": "2024-06-10T16:53:17.833Z", "user": 1, "content_type": 7, "object_id": "25", "object_repr": "Запись  2024-06-10 20:00:00-22:00:00", "action_flag": 2, "change_message": "[{\"changed\": {\"fields\": [\"\\u0426\\u0435\\u043d\\u0430 \\u0443\\u0441\\u043b\\u0443\\u0433\"]}}]"}}, {"model": "admin.logentry", "pk": 413, "fields": {"action_time": "2024-06-10T16:53:51.813Z", "user": 1, "content_type": 12, "object_id": "2", "object_repr": "2024-06-10 - 20:00:00 - 22:00:00", "action_flag": 3, "change_message": ""}}, {"model": "admin.logentry", "pk": 414, "fields": {"action_time": "2024-06-11T08:33:27.695Z", "user": 1, "content_type": 7, "object_id": "26", "object_repr": "Запись  2024-06-28 17:00:00-21:00:00", "action_flag": 3, "change_message": ""}}, {"model": "admin.logentry", "pk": 415, "fields": {"action_time": "2024-06-11T08:34:31.149Z", "user": 1, "content_type": 12, "object_id": "3", "object_repr": "2024-06-10 - 20:00:00 - 22:00:00", "action_flag": 3, "change_message": ""}}, {"model": "auth.user", "pk": 1, "fields": {"password": "pbkdf2_sha256$600000$Gu0eBavtYFylUptWd1ovt9$Lvq8fxTPQaPFqJtS7keyW/wnX+jlXDeU1dI3o/hAKCw=", "last_login": "2024-06-17T13:48:50.022Z", "is_superuser": true, "username": "alex", "first_name": "", "last_name": "", "email": "", "is_staff": true, "is_active": true, "date_joined": "2024-05-14T09:15:36.334Z", "groups": [], "user_permissions": []}}, {"model": "sessions.session", "pk": "01t3loux35qhiklfu24x1gyok1rxfy76", "fields": {"session_data": ".eJyrVkpOLCpRsqpWMgIRhaWJeSWZJZVKVnmlOTk6SgVFmcmpSlbGBga1OkrGBFWY4FFhCFZhSlCFGUEV5gRVGKKqAPoNrsDIAKiithYAxn1O4Q:1s9hRz:3euxt03MrzoUZ8xcK0r4xE-Ayegt4sNFwkN3EbSQ4rg", "expire_date": "2024-06-05T08:35:55.744Z"}}, {"model": "sessions.session", "pk": "05ayav002s87q67tfe7633r5vrw7yzw0", "fields": {"session_data": ".eJydkstugzAQRX-lmjVCfhFDlt33Dyqh8dg09AEtmEUV5d8LtisIUtSomyvrzsyZa8MZaBp9_-GGurVwFFUGhIOH4xmeJ6YEW1S6RZUIaoMTlQdHBk2dy-TXhJ1v_TccATL4HFqabRCMMbhkgcsDSxYbVhkUH1ZwLEdwER29xpExjgnn6vZaef9WtV4nJfj3pmb7JuHMN29o1gSquQ3ke2DKY_YfZXsldYjOXVgRB9kGyyJ2N87ZDpCB7z2-18mbLfbLFBtmjI3xrf-INM_XOPlTPY3pdwQOV55BenPdUrCv2L30OfWdH1qTLy15qo75U2_d-2PqvQKccDzN06VWpuAHK4oKnaNDqWxVlQxJu4YUcc1kYahCa6Tg0hE5rbVqkBeCVKMtXH4AGbTyqA:1sBzcW:LsVv2DLX73nDN1ed8dwGHJAAOPLAk4xHRFJhuqzsApA", "expire_date": "2024-06-11T16:24:16.062Z"}}, {"model": "sessions.session", "pk": "05ovi7s0dz4n9k1ugeulfvjo8xx28bf7", "fields": {"session_data": "eyJjdXN0b21lcl9pZCI6MjF9:1sAsqz:dAO08p-fKczJP4pCJE66_Y9uPQKnoRP5asy3Gz6_mWQ", "expire_date": "2024-06-08T14:58:37.813Z"}}, {"model": "sessions.session", "pk": "0xgi6xy31fgq1mpnmgwjfiou50ktyqm3", "fields": {"session_data": ".eJyNkc0KgzAQhF-l7NlDko2t9VXaUuIf5GB_bHIo4rtXd4UEwepliKPz7WTtoTSdg7yHqxdaiUmxnlQr0oocVkkOks5fTsm3Nw9n3RdyQEjg1dly9EEJIWBICCwJhmkEy0jNIZD5NZNTdk6hD3Kfgs7nP3Nx_1gdLjRX2B61MqmJt0JnGW2xCA10sw6US-Dcp1j-lvhK-sjOLqzioIiwgrH74iqKc0PDa92Ij3ln2_Hxckug9B_3bOvubivIMRt-ZK24HA:1sDPaD:-6BMdIerv1CPMAIq8GrszoGyX0lRKS1EwiXLtTBTSWw", "expire_date": "2024-06-15T14:19:45.817Z"}}, {"model": "sessions.session", "pk": "1041kgpj014dtmn50iszv57j2lhbz2bp", "fields": {"session_data": ".eJxVjEEOwiAQRe_C2pDSQgdcuvcMZJgZbNVAUtqV8e7apAvd_vfef6mI2zrFrckSZ1ZnZdTpd0tIDyk74DuWW9VUy7rMSe-KPmjT18ryvBzu38GEbfrWHmxyZuTeBRSh0VsOwXdIIJksGegGlyggp6E3gxAJANiMxvVkM7B6fwDsczhu:1s6uSO:RyqX-kN5-Fsk1ptroDy6M6P0qVudko4foeWy-SI0sAs", "expire_date": "2024-05-28T15:52:48.026Z"}}, {"model": "sessions.session", "pk": "19ee253mx5b0i5ak6e5j34gpgx9e38l8", "fields": {"session_data": ".eJyrVkpOLCpRsqpWMgQRhaWJeSWZJZVKVkqGBko6SgVFmcmpSlZGBgYGtTpKRmhKEAqUjA0MlIAqjAmqMMGtwhCiwpSgCjOCKszxeAaiprYWANcLSD8:1s9nA1:8p2GK640vOzBDLtW9su3odUzRdYcgr9-D3b5veeUXK4", "expire_date": "2024-06-05T14:41:45.413Z"}}, {"model": "sessions.session", "pk": "25usdpn442jd45wlqc91agh6t0r4g7ms", "fields": {"session_data": ".eJxVjEEOwiAQRe_C2pDSQgdcuvcMZJgZbNVAUtqV8e7apAvd_vfef6mI2zrFrckSZ1ZnZdTpd0tIDyk74DuWW9VUy7rMSe-KPmjT18ryvBzu38GEbfrWHmxyZuTeBRSh0VsOwXdIIJksGegGlyggp6E3gxAJANiMxvVkM7B6fwDsczhu:1s9ROw:DUDaITcpkhBuSMKHFPoN4GGU8Xkzwshk0yx7bwR-1nA", "expire_date": "2024-06-04T15:27:42.408Z"}}, {"model": "sessions.session", "pk": "2721scn6t7c16skg193atuob8ue5uuro", "fields": {"session_data": ".eJyNUclugzAQ_ZXKZ4S8Ysix9_5BJTReaGhTaMEcqoh_L14q3EhRuIysN_OWGV9RC4s7t8tsp7Y36IQIKnJMgf6wg2-YdxjexlKPg5t6VfqRMnXn8mU09vKcZv8JnGE-b-xaciVIZahowFpd1dw0TY1BS9tpronETCjdgFGMEma1tlJK3gERVPNOelG9zG78TDmp3ACYHDpd0euCOcW-Musrp6GagMRKAsJCTZOe-b3A4Hr3swXcDL6mXm8wohhjtBZBlwQtJjKtOlR42oVjOwqLiMg9DotxVHg3923ZcVe-r5MSPHYSN1YFcqODS5swIjD-c-_yO4U3ye6q9lS8u78Oydbpsozq9qPyNXkVkUOyNBJxJouj7DE6zegxIcRTP6Cv6y_mp_J_:1sBdEj:aN9Gkyv0V8xD03bRG1fWmtqeITKoFdn_m6tiO1t5Cvw", "expire_date": "2024-06-10T16:30:13.472Z"}}, {"model": "sessions.session", "pk": "2cfj4enmoy1b5d84nbdzzmv3oa1k632y", "fields": {"session_data": ".eJylkdsKgzAMhl9l5NqL9ODmfJaBtB5AcG5z7cUQ332aCC1eOGE3PyFpvvxJRyjN4CAf4eZRS1xU1YtqSVpRhlVQRpGuL5fOlze9a90H8t53XQLPoS3nAkhEhCkhsiCaSiNaRmpOAc1lRqecuQRDig1Ziq97g9XxuTqstHr4Y1YTX4ZiEV3SBg-62UOKLXL1ZLefE6-lz5w5CJbcihEYGXwUICMAuzR83p-AmVD6t3vc66FoK8hFNn0B2_y-5A:1sA7uD:vsCqnWRz4C-1n8VG9oJxRnrjoZ0vKMLE7pdLCekL8R4", "expire_date": "2024-06-06T12:50:49.250Z"}}, {"model": "sessions.session", "pk": "2emjb1q3asc3vqgyta5qnbcrqy1xap7m", "fields": {"session_data": ".eJydkb0KwzAMhF-laM4g_6Q_eZYudtpAltIGZyjB755aMlh4CKbLYc65T2dlg9EtAYYN7itajUnNM6nVpA9yWBU5hjR_mZKf1b3CHL4wgIUO3ss8_nzQiAixI7AimOkF7ErqToXM10zu2bmUPob7eDrfDuaa9rG2PChX-H_UJNdCZyXW6EsFO1VEAVQ1MBfy9X-Rb7JndpqwmoMosMjYtrgWcW7oeK8Ha6J8jDu3-6_C:1s9p6X:rOn3j8a30VHRRUSVfk2Mm2TupdWaz-4RWTJ6LdZpY_k", "expire_date": "2024-06-05T16:46:17.809Z"}}, {"model": "sessions.session", "pk": "3ey6jl937oq57a34jizf2f3nvgsd2vub", "fields": {"session_data": "eyJjdXN0b21lcl9pZCI6NTMsImNhcnQiOnt9fQ:1sI8hd:hvlhbKBi_dR1UzvEJdtCWS9S9Flyr4FTDgebo66sYCA", "expire_date": "2024-06-28T15:18:57.017Z"}}, {"model": "sessions.session", "pk": "3nfuj8prdbshpqgngej133ewqkhjr1jf", "fields": {"session_data": ".eJyrVkpOLCpRsqpWMgQRhaWJeSWZJZVKVkrGSjpKBUWZyalKVkYGBga1OkpGuFUYgxUYE1JggluBIViBKSEFZoQUmONXUFsLAN-TR0o:1s9iLe:FhPAcgMcpZY7lP4lMEwvkDiO4Jcx2df495zqhoUhM54", "expire_date": "2024-06-05T09:33:26.739Z"}}, {"model": "sessions.session", "pk": "3o8ro8unjvw5lrszdxjgavbj7m174gy7", "fields": {"session_data": "eyJjdXN0b21lcl9pZCI6NTR9:1sI8iW:i5k57xLLOEqJX9Frn4bSX6QmniOvh5rPkQw16PGb0Nk", "expire_date": "2024-06-28T15:19:52.550Z"}}, {"model": "sessions.session", "pk": "3tkuqjrp27c8wt84uj05vxmieazs2wun", "fields": {"session_data": ".eJyNkUsOgzAMRK9Sec3CCYa2nKVSFX5SFv3RZIEQd2-xK2FRQbuZWI7meZwMUMVnuF2a7uxrKLI8gcp1AYoBThHJ2EnTjLVmPbC6HR9mviacNJPOnrVhZQSVXB8n8CO6a_ChhwIMJHDvfNW86xQRxuSvscTIVEX4PcqujGrn8EIhJpJmcQRqF0RSRLMkfhKVivu1FOXS2UiquFacqLgo3IUfV_xW-SWjk6fd-BT2j-ML0Zec9g:1sICMO:hq7xSlW6r4OagMgJoltO1meiyLcQE9su1duonaliFYY", "expire_date": "2024-06-28T19:13:16.195Z"}}, {"model": "sessions.session", "pk": "44pcf9hhc0qfwxmhbbw55c85uq6uppxg", "fields": {"session_data": ".eJydkc8KwjAMxl9Fct4h_bOpexYv7XSwi-joDjL67tqk0FDQDS8f5Wvzy5d0hcHNAfoVLgtajUnNLanVpFdyWBU5hjS_TJXPxd3DFF7Qg4IGHvM0fHzQiAixIbAimGkF7ETqDoXM10xu2TmWPIbzeDqfq76irdnf1ZZ5coK_O41yKXRWYom-JLDjj5WpmpgD-fpb5Ey2Y-d7UIHVXIgCi4zdV65FOSd0vNetqWJ8AydVr4U:1s9p7H:c6sdlTagwsekcPbGhNzVtaH5DitMqpqJuf4AvtbLRwI", "expire_date": "2024-06-05T16:47:03.560Z"}}, {"model": "sessions.session", "pk": "4ay8f5296nlckqcgqw2nzy6xydmxqn0k", "fields": {"session_data": ".eJxVjjsOwyAQRO9CHSGDwQsp0_sM1rIswfkYydhVlLsnSC6Sdt7M07zEhPuWp73yOs1RnIUSp98sIN15aSDecLkWSWXZ1jnIVpEHrXIskR-Xo_snyFjzd-3ABKuGqK1HZhqcid67Dgk4kSEFXW8DeYyh16pnIgYAk1BZTSZBk9Jet_I8fmrz_gDe2T4c:1sAtWT:cdju0c06047k4XuP3l0Tsr7VIY2koGNfhN4oo7CTK-A", "expire_date": "2024-06-08T15:41:29.365Z"}}, {"model": "sessions.session", "pk": "4fj3qcd3wy4093ywqtq4wpa1zajguwx8", "fields": {"session_data": ".eJyNkU1uwyAQha9SsY4sfgZjZ9l9b1DJGgZcu63s1saLKsrda4Ol0FRRsnmgGd43Dzgxwimw44m9LhyE3FTpqC5qFRWf4iIubeCb6lQxUX3UiAAb9_UG_l5wCH34YUcm2IF9TT35da84Z-fDQ2MhIlUW4f6oG5PaS_YEgQiEHBUTQHsFhIworol7IJtx_90JylS5HTTDymTkGZYn7GN2mdlTQkzvese--htcQtcss5-a3u2fltUs0ocftoZ7x-FtLGgcwtTbYjtS7N25eBmd_3zez_4BdDh3q7syYLUondQ1ek9lBa6uK45kfEtAwnClLdXorJJCeSJvjIEWhZYErXHs_Avhvc4f:1sGi92:5ftlsmWKFSx3EawMzhQBl1rb_ZXV3fsdJBRNPNKvfkw", "expire_date": "2024-06-24T16:45:20.421Z"}}, {"model": "sessions.session", "pk": "5vlq4coxh66yrkmdtl1ljqy9vetc6gs2", "fields": {"session_data": ".eJxVjEsOgzAMBe_idRURSHDCsnvOgBzbKbQVSHxWiLu3SGzYvpl5OzDNKzT78YCOtrXvtkXnbhBowMJtS8QfHU8gbxpfk-FpXOchmVMxF11MO4l-n5d7O-hp6f91QJe8raX0kVS5Dk5iDAUxambHFovKJ44kqSptpcyKiC6T9SW7jALHDzPGO7o:1sGiEE:N-2bPxP4C_W5_R6JjH-ddTRuFcNBOcGiCyxLLC-FhJE", "expire_date": "2024-06-24T16:50:42.366Z"}}, {"model": "sessions.session", "pk": "6djfsdtkvypcl3oq1yzpe22yuhiek8nq", "fields": {"session_data": ".eJylkctugzAQRX-l8jpCfmLIsvv-QSVkj02hpdCCWVRR_r34IeFkkSJ1c2XdGZ-5Hl8QqNmh8wW9rphT7JVZr5wGNcGJSoLDgqZOf_N7VaPr3Q86j-swnNDX3MNWQBRjjK6nQCaBxkRGq4Kqpx0dyxEtoiP3QCwG0uFcPxrMjs_l-5NShn_MavPNhDPJNqn3DLx9hCT3yJRJ339O_ixeRucgmMarOAPjCD4KoBkgplRxvX8CNkKjVtc162LnpjfeRzeeVvBhR18w72p8mwqYRjf3uvAtRaouxctk7PCcem8AnVq67XYluRakNFTUylooK27qusIKpG2BA5GYCQ21MppRwiyAlVLyVhFBgbfSQ2Fd3PSZcjJ-_QX0fvaD:1sCexh:eBajoElKRqYPFGYJmOK0oVhpJ-s3oXiV8-5SfUMprUE", "expire_date": "2024-06-13T12:32:53.230Z"}}, {"model": "sessions.session", "pk": "72a6hibl6tj4q3p4r29w7ebnezo0b3xq", "fields": {"session_data": ".eJydUstOhDAU_RXT9YT0BYVZuvcPTMjtA0FnQKEszIR_lz4SOmjQuDlpz23POfe2N6RgtOh8Q88z5hQ7ZMYhpx61ZwISzzCP8aS7-TFDbzv7ic6IoBN6Hzu18ohijNetHSxc6kg6bjl5L-L1WZ7olx7hYTML5WCWB0ZsEVmIKP262kXhSRT2PQmhf07Ct7Zjqt_d6bF7sZk36Tj9miTjl1so3hx4kB9nfecRU8v9E6eN8yIw_3WiQQsnTjg47RTZsSLbFGmiGPqA8ET7r0eOJcnKLatoDbNt63kyY93p-GUTToJ6M70r6FfoX4ZMDb0dO5m5I1msTtnToM3lMZ69E2hhatfbpeAyJ4WmeQXGqKLkuqpKDEqYRnFFBGa5VBVoyShhRikjhOANkJwq3ggnqubJDteYk_DlC4PkFzM:1sAtIm:8SFflAU05sXpN8ZZePneaaKHNbUslMnkE531lHg7ceU", "expire_date": "2024-06-08T15:27:20.758Z"}}, {"model": "sessions.session", "pk": "7bxbrmggevi043necir9301jviqatrhz", "fields": {"session_data": "eyJjYXJ0Ijp7fX0:1sBdF1:yhR-qi84gFA_KxINT6MdsgsNcQZuqJfPbj_EWIfV3tI", "expire_date": "2024-06-10T16:30:31.490Z"}}, {"model": "sessions.session", "pk": "7mar20mq8vwjlk83s6ausk8v7k2ebhod", "fields": {"session_data": ".eJxVjjsOwyAQRO9CHSGDwWtSpvcZ0LKsg_MxksFVlLsnliiSdt7M07yEx70mvxfe_BLFWShx-s0C0p3XA8QbrtcsKa91W4I8KrLRIqcc-XFp3T9BwpK-6xFMsGqI2jpkpmE00bmxQwKeyZCCrreBHMbQa9UzEQOAmVFZTWaGQ0p7qfnZfip4fwDe3D4e:1s9PIp:rs6vhJHQJzA_tpzdsUfp9anWyJgYnHn5Ua-tRAdR1Sc", "expire_date": "2024-06-04T13:13:15.445Z"}}, {"model": "sessions.session", "pk": "8a0awgfa3vprograadz85n06jdzqtpoe", "fields": {"session_data": ".eJylkctOhTAQhl_FdH1CeqVwlu59AxPSTougCMplYU54d-klUs5CSdz8af6ZfvN3ekOwTPPwbseqNegqyAVVapmbapmihQg6eFrBm-1dwbyq_mXIYOjnsdWZa8lidcqeBmO7x9h7ADRqarbbheRakNxQUSprIS-4KcsCK5C2Bg5EYiY0lMpoRgmzAFZKyWtFBAVeSwcFNc7oekPPC-YUO2XWKadejXeCEu8wr7HT3fxcVD-389eWZ-N9jC1sNsUYrxdPJZ7EREIqvKqHHRvKASuCI_cwLITR_lweh_ZL1_2MRQxjdHIu358TM_xjVp1uxZ9JskW9Z-D1b0hyj4yZ9P3HpM_ieXBOgmm4ihMwDuCzAJoAQkoV1vsnYF2_AetE9Mc:1sGhvi:H5DIcTm1uA4UXLyBybUsSKWg6_nTCWfkiv-kANADDEs", "expire_date": "2024-06-24T16:31:34.856Z"}}, {"model": "sessions.session", "pk": "96owplrjdbu5uf3zy77gaaxohk2xf2n6", "fields": {"session_data": ".eJydUctugzAQ_JVqzxHyEwPH3vsHlZC9NoW2gRbMoYry7wUbCQcpatTLyJrdmZ1dXwD16KG6wOtMBCMrcreiYAFtYCLSwPCAW-eq_J517zv_AxVwOMHX2OHCM0LI9RRsabDiMrEqAuqn3TeWo6-MjNrT8JjGhHd5mLoPBU4IPDhV7NtsCf49qUlPEt40OaHZE4jm_sGAHh23QOb4KelOIo_M_aCJLYtCktiSaPuYnCXymFDHu_4hX_Q4T344u7HuLFRCnKDWs2_redoooHDDGY0frl8L9l33b0OGQ-_HzmRrS7ZVp-xlsO7zeeu9MWj11C7qQgkjaW6ZLLVzmBfClmVBNCrXoECqCJcGS20NZ5Q7RKeUEo2mkqFolIXrLwbO7GU:1sDU2h:9betI4YgdVLPYnuTNvJfw-uE1UR0o8ogu6RDbhJ-Upk", "expire_date": "2024-06-15T19:05:27.205Z"}}, {"model": "sessions.session", "pk": "9jgbc73w074xdj3dbyw3lmzod6ya3h07", "fields": {"session_data": ".eJyrVkpOLCpRsqpWMgQRhaWJeSWZJZVKVkomSjpKBUWZyalKVkYGBga1OkpGaCoQCozB8sYE5E3Q5I0RCgzBCkxxGgCRNyMgb45XvrYWAKrLRkw:1s9mcg:aUim8eHcnWB34uOWDJFnJJgG5sr6m6vPQJFYWNXeAiI", "expire_date": "2024-06-05T14:07:18.543Z"}}, {"model": "sessions.session", "pk": "9qixktwitgt13srko6z5l4oynbs8s12e", "fields": {"session_data": ".eJxVjEEOwiAQRe_C2pDSQgdcuvcMZJgZbNVAUtqV8e7apAvd_vfef6mI2zrFrckSZ1ZnZdTpd0tIDyk74DuWW9VUy7rMSe-KPmjT18ryvBzu38GEbfrWHmxyZuTeBRSh0VsOwXdIIJksGegGlyggp6E3gxAJANiMxvVkM7B6fwDsczhu:1sI8ws:jglbTFMuctNuiWqDvLUFm9oWFnQ_G8tQGI06a9iqgYU", "expire_date": "2024-06-28T15:34:42.448Z"}}, {"model": "sessions.session", "pk": "a410l6evini6e529mdgmq87slbfukfq7", "fields": {"session_data": ".eJyNUUsKg0AMvUrJ2kXmo209S6GMVkEo_ci4EJm710mECQNFN4_4NO8TF2jd6KFe4Dah1RjRdBGtJnwQw6iIMYTbl3HzO7mXH_wMNWgo4DMObRdnRFwf_du7530j7cqFgrwU6ZtS6F8I3SmZ8Ws2K5k5p4iGIzY0X7MoIolZgxx0tanilmDfSWdWWecqVe7l6WhW4tRNCmX7_22UaNOLiE3-72RLWzFzSFbzIgpZZNlj61qsc0LHl95ZD-EHyry7MA:1s9qn1:JIVAV9C4f_eGnQ5dqZXnTmA00MASDnqY1QuXCDZrmlk", "expire_date": "2024-06-05T18:34:15.644Z"}}, {"model": "sessions.session", "pk": "b7j7mf4tx3xn459zvjulocu12i31g6ue", "fields": {"session_data": ".eJxVjEEOwiAQRe_C2pDSQgdcuvcMZJgZbNVAUtqV8e7apAvd_vfef6mI2zrFrckSZ1ZnZdTpd0tIDyk74DuWW9VUy7rMSe-KPmjT18ryvBzu38GEbfrWHmxyZuTeBRSh0VsOwXdIIJksGegGlyggp6E3gxAJANiMxvVkM7B6fwDsczhu:1sJCj4:6XtuWTEF2Zx3qJYkG-nZtOMWQVkVY6f5N7jq9KpbReQ", "expire_date": "2024-07-01T13:48:50.028Z"}}, {"model": "sessions.session", "pk": "bqc9eimld2hk8v13ewc44ojjzmumm8ne", "fields": {"session_data": ".eJxVjjsOwyAQRO9CHSGDwWtSpvcZ0LKsg_MxksFVlLsnliiSdt7M07yEx70mvxfe_BLFWShx-s0C0p3XA8QbrtcsKa91W4I8KrLRIqcc-XFp3T9BwpK-6xFMsGqI2jpkpmE00bmxQwKeyZCCrreBHMbQa9UzEQOAmVFZTWaGQ0p7qfnZfirz_gDe1j4b:1s9NCm:cMhaIzIkSRS1LNuRfNc-D91TZE2pldvnX2YfD24gHLI", "expire_date": "2024-06-04T10:58:52.922Z"}}, {"model": "sessions.session", "pk": "c6kxbi46ypf939ivch3x4g9n6yd0hlf6", "fields": {"session_data": ".eJylUssKgzAQ_JWy5xTy0rb-SiviEwJqW42HIv57za5g8GCFXoZkspmZ3WSEPO0sRCM8Bq4ld6hKh1oiFsgQCmQU4lLpbr6HtLXGfiBqh7pm8OpMPh_cQaiI87PQMwIDIXHnOIgnhoYCTVTgmVwR09PqSMfkGBBzWXMqypnh-raTB9RsfNBXr50uGf7wqvyB4Vp4A87WDLrakxRbySVTtn0zvy0dEnNQWNJV7glzEj4qID0BSpnSeA8IWNOUSV8_bf_797haVxYzyIfePpuyS0wBkQqnL1Cy0cs:1sDOwp:p6M7VKiDBzd15j5Y6IvvGGk0mghUDDF_GoIoKcZ8LTw", "expire_date": "2024-06-15T13:39:03.775Z"}}, {"model": "sessions.session", "pk": "ci7o5ysewefvwwhkwzeyn98ewktbxkap", "fields": {"session_data": ".eJxVjDsOgzAQBe_iOrIw2CxOmZ4zWOvddSAfLGGootw9QXJDOzPvfRTtZctvWcPM6mrcRQXctynspSJl1IlFpKcsh-AHLvesKS_bOkd9JLraosfM8rrV9nQwYZn-6wFsdKbn1nkUoX6w7P3QIIEksmSg6Vwkjxy71nRCJABgExrXkk3A6vsD8rM-HA:1s9NW7:mGz44uiXgTpMXyB2qkeJpGfWL-Np2FPIYphl8-1yUPA", "expire_date": "2024-06-04T11:18:51.729Z"}}, {"model": "sessions.session", "pk": "d4zenni3ccnpgnfvkhhe0cxsjx77pko5", "fields": {"session_data": ".eJyNUUsKg0AMvUrJ2kXmY1s9S6GMVkEo_ci4EJm710mECQNFN4_4NO8TF2jd6KFe4Dah1RjRdBGtJnwQw6iIMYTbl3HzO7mXH_wMNWgo4DMObRdnRFwf_du7530j7cqFgrwU6ZtS6F8J3SmZ8Ws2K5m5pIiGIzY0V1kUkcSsQQ662lRxS7DvZDKrrHOVKvfydDQrceomhbL9_zZKtOlFxCb_d7KlPTNzSFbzIgpZZNlj61qsc0LHl95ZD-EHz4u7NA:1s9q5V:qRecyQuop35hpdZVEN3HBySMBWeqTiIm0NNuiqSG1i4", "expire_date": "2024-06-05T17:49:17.461Z"}}, {"model": "sessions.session", "pk": "dlsv5db05uz0o7snkgl0yoryx2wzvljq", "fields": {"session_data": ".eJyNUssKgzAQ_JWSs4fNQ2v9lkKJVkEofUg8FMm_N9kNZGvBehk2k-zMZJNFdHZyolnEeQajIKLuIxqFeEWGUCKjEdPJ2Pma7d2N7i0aoUQhntPY9bEGgLB0D2dvl0SawPkCvSTq65Lp14j2kM1om8xKYo45oqaILdanjSj6N0m1O4jJt06h_ptX2-ayzu4DHyfWko2_zanMsDJhHjJ4fAmmjO36Pfk1TUXMLllFjcBkgWT3tSvWTgktjXrj2eTv5MKn8t5_ACT7x3M:1s9rJT:a_OI9q0TCwYlJPe-QaSL6FUCPwlD6BL5PZN7rCxs3vI", "expire_date": "2024-06-05T19:07:47.639Z"}}, {"model": "sessions.session", "pk": "fly9xsjfnhi34qc85afska7kqk8thc3r", "fields": {"session_data": ".eJydk81qhTAQhV-lZH2R_Bq9y-77BgWZTGK1P9pqXJTLffeaRDCV0l66GcKZOd-cRLyQBhbfNcvspqa35EwYOeWaAXxxQ2jYZxiexgLHwU-9KcJIsXXn4mG07vV-m_0G6GDuVnelpVGstFzV4ByWlbR1XVFA7VqUyDQVymAN1gjOhEN0WmvZAlMcZasDFGHy5HwhjwuVnIYqXKiSx2qjkiqLioh1mwzOjwUG3_vPNY9age9Tj6vOKaXXU8SyiBIqQ1Wxwt3OTe3EVUnRexqR0ph4rg9b-b6VCErJjWvlfp0twv9XtfmjxDPLHtHsEWT7C5EdiVsic_ws-aVkmZQD92csT0aaYWnC3mbnmT0lhPSwf9hXPy6zH9-2H0Ly6xdym-zI:1sDRyh:v_BXIYtgnjyg2P4Ny5ozND7XsX8QUYIXwpvRIYJF138", "expire_date": "2024-06-15T16:53:11.635Z"}}, {"model": "sessions.session", "pk": "fqq44vmgcqw5gnrm7dl6luxsxa6lmlzm", "fields": {"session_data": ".eJyNUstugzAQ_JVqzxHyEwPH3tsvqITstSm0KbRgDlWUfy_YSLhIUXIZWbM7s-O1L4Dz5IcvN9adhYrzE6AePVQXeJuJYGRF7lYULKANTEQaGB5w61yVP7Pufed_oQIGJ_geO1x4eB16B9dTMKbBjMvErAion3bnWI7OMjJqz8NjHhPO5WEuTeZyQh4dK_YLbRHuj7oxqUm3Es402aLZE4jmYMgTR3p03AKZ47ukdxJ5ZG4HTWxZFJLElkTbx-QskceEOu71jnzR13r2bT1P2-cLj5ZwRuOn69eC_dD9-5Dh0PuxM9nakm3VKXsZrDs_b73_DFo9tYu6UMJImlsmS-0c5oWwZVkQjco1KJAqwqXBUlvDGeUO0SmlRKOpZCgaZeH6B-6w7aU:1sCedB:UlnPvg-FEP7iwSb9zimNU6RdmpUllSdOE3CJn_1vpSE", "expire_date": "2024-06-13T12:11:41.764Z"}}, {"model": "sessions.session", "pk": "fubpffcbmw2du5jegsl7bmgrbgcymn1d", "fields": {"session_data": ".eJydks1qhTAQhV-lzPoi-TXqsvu-QUGSSaz2R1uNi3K5715NBHOFUulmCGfmfHMSvQLOkx8-3Fh3FipBL4B69FBd4XkmgpG1crdWwUK1QYmVBoWHuk2uzq9Z977z31ABhwt8jh0uOiOE3C4BSwOKywRVhKofdm5sR66MitrT8JjGhHP5-1bghMDJtWK_zhbh_6ua9FHCmSaPaPYIojkQEyA9ArdA5vhV0juJPCqnsCwaSYIlEXvOzhJ7TKjju_5hX_y1nn1bz9P26wGFO81ofHP92rCvun8ZMhx6P3YmW0eyrTtlT4N174_b7B2g1VO7uAsljKS5ZbLUzmFeCFuWBdGoXIMCqSJcGiy1NZxR7hCdUko0mkqGolEWbj_BR-yV:1sDRJA:mabPC1hpadLLu83dj8fEkWk6rGhijRyLIw2BQlizjBQ", "expire_date": "2024-06-15T16:10:16.931Z"}}, {"model": "sessions.session", "pk": "fwd4j79bf7bt2wy5f62s5b66y7uy77tt", "fields": {"session_data": ".eJxVjjsOwjAQRO_iGlnxL2tT0ucM1nq9JuETS3FSIe4OkVJAO2_maV4i4raOcWu8xCmLs1Di9JslpDvPO8g3nK9VUp3XZUpyr8iDNjnUzI_L0f0TjNjG79qDTU71WbuAzNR7m0PwHRJwIUsKOuMSBczJaGWYiAHAFlROky2wS2lra30eP7V5fwDe1z4b:1sAtVN:Dg36i_O4HG-SHQy2RKgSixJ1ibQ5K8X8z9rHUr7mbV4", "expire_date": "2024-06-08T15:40:21.731Z"}}, {"model": "sessions.session", "pk": "gd8m6n2q6gytqgkw6jh7zt1naycrc7al", "fields": {"session_data": ".eJylkdsKwjAMhl9Fcr2L9DCnexZBuhMM5tTZXsjYu2uTQssu5sCbn5A0X_6kM9TuZe-3drr2DZS6yKA2k4VyhotDLdGrar1qSdpQhlVQRpGGl77z6cxoe_uGcnTDkMFj6utvQSLikhFXEEvlCetEag4RzGUG55wpoh3FdiqKzxtjQSHCzrk6LhQ8_DGrS-9CsUjuWEUPuttCijUyeKrWX5OupY-c2QmW3IoJGBm8FyATALs0fN6fgGX5AMvxvqI:1sF9H5:5ZgTwJUATIGy2osUa5CacsqmsGVIMapbeqB9q86-2gI", "expire_date": "2024-06-20T09:19:11.280Z"}}, {"model": "sessions.session", "pk": "gotjzzgpg1hen2lxjwj69s6ythbhfxr1", "fields": {"session_data": ".eJxVjEsOgzAMBe_idRURSHDCsnvOgBzbKbQVSHxWiLu3SGzYvpl5OzDNKzT78YCOtrXvtkXnbhBowMJtS8QfHU8gbxpfk-FpXOchmVMxF11MO4l-n5d7O-hp6f91QJe8raX0kVS5Dk5iDAUxambHFovKJ44kqSptpcyKiC6T9SW7jALHDzPGO7o:1sGwmW:LMK9vP0e3yZ1Dgn4HPu4rGej4qFrXjGBYppTd7wYgPk", "expire_date": "2024-06-25T08:23:04.054Z"}}, {"model": "sessions.session", "pk": "hxylq4nnc5lh4w1hzj7r06q0g7n0mrgu", "fields": {"session_data": ".eJyNUktugzAQvUo16wj5BwaW3fcGlZA9NoW2gRbMoopy98Y2Eg5SFDZPo5l5Hw9cAJfZjWc7Nb2BmlcnQDU5qC_wvhDBiEduPQoW0IRORBo6POC66Zm_ixpc7_6gBgYn-Jl6tL4mhMD1FIRpEON5IlYGVC-bchxH5Tx25JaHxzw61NXON7Hlx13F9p41wXMn_sCqTa8SappcUW8RRPs4O90LroH0_rOkbxJF7BySZZFIElkSZY_RWUKPCVW86xP6jd-oxXXNMq__HlC462mFX3bwA_Opho8xw3FwU68zv5Kt0zl7G439fl137wQ6NXc3dimFzmlhWF4pa7EohamqkiiUtkWBVBKea6yU0ZxRbhGtlFK0iuYMRSsNXP8BGlnsrA:1sDQ54:iA8JazcZ1ZHwa96LRgiXRXpPtdDUdvIRa-cdeiFAnrQ", "expire_date": "2024-06-15T14:51:38.880Z"}}, {"model": "sessions.session", "pk": "icb7fgqtqswg1xa3nqaluqyv7u68ut70", "fields": {"session_data": "eyJjdXN0b21lcl9pZCI6NDl9:1sGMwx:Y2PjlXtql3tevA7Fo57qbtgE6ADelXSaRCpGmZG5BD4", "expire_date": "2024-06-23T18:07:27.590Z"}}, {"model": "sessions.session", "pk": "iu4411tklvofbghbxn5frz8ht6d07don", "fields": {"session_data": ".eJyNUstugzAQ_JVqzwj5iYFj7_2DSshem0LbQMvjUEX594KNhIMUhcvImt2ZHa99BZzHqb-4oWotlEImgHqYoLzC-0wEIytyt6JgHq1nAlLPcI9b56r8nXU3tdMflMAhgZ-hxYVnkpBb4m2pt-Iysso96pfdN5SDrwyM2tPwkMb4c3GYug8FTgicnCr222wJnk_iD0bV8U78mUY7NHsEUT_OTo-GWyBzfJT4TiILzClbFoQksiXB9pycRfKQUIe9PpEv-krPU1PN4_bzgMIdZzR-uW4t2E_dffQp9t00tCZdW9KtOqZvvXXfr1vvnUGjx2ZR50oYSTPLZKGdwywXtihyolG5GgVSRbg0WGhrOKPcITqllKg1lQxFrSzc_gEniuxr:1sEPtH:R10JVm15lb9vWxTjfJRGd9C5coweum00tJq79x5Ipow", "expire_date": "2024-06-18T08:51:35.457Z"}}, {"model": "sessions.session", "pk": "kro4wbzrqd950ubyzjeqmmj835vmurif", "fields": {"session_data": ".eJxVjDsOgzAQBe_iOrIw2CxOmZ4zWOvddSAfLGGootw9QXJDOzPvfRTtZctvWcPM6uqaiwq4b1PYS0XKqBOLSE9ZDsEPXO5ZU162dY76SHS1RY-Z5XWr7elgwjL91wPY6EzPrfMoQv1g2fuhQQJJZMlA07lIHjl2remESADAJjSuJZuA1fcH8gs-Gw:1sGaql:g6pKo4WrtG7wKByfEqepRVoFTYCE5DblhbfX65twNFQ", "expire_date": "2024-06-24T08:57:59.218Z"}}, {"model": "sessions.session", "pk": "lu9sbuuyc8jwg7d5bc8fnhyaipai5cdh", "fields": {"session_data": ".eJyNkc0OgjAQhF_F7JlD_1DkVdSQ8pc0EVEoB0N4d2EXbVNj5DIpUzrzdTtCMfS2baouMyWkIonAmqbqIT1dIih0ZyEd4TwwJdiislpUCdQSHVKOjkRd_1xOPgZ9s8Y-IQUOEdw7U8w-CMbY_Glbq6_Zai7eFGEXx3wZe_kJqt65Mtqmspicg0OUhJjj-higKA9FfpNwsZlEuWuvVP_bg_J3U-3PDtfcm3XuCFT9O5CHgStPHj6efyW1Jyd8sCQIDseUfMYkKI15XYy6NqEK4R0nbE2z_nN8ml5wZ8sE:1sBy5W:TGHz1--PPNFKso40pyFy01saWtVLLl3MQQNtlSExQjY", "expire_date": "2024-06-11T14:46:06.570Z"}}, {"model": "sessions.session", "pk": "lwsarz7xwok4u4f329s7c0zw7klz02mb", "fields": {"session_data": "eyJjdXN0b21lcl9pZCI6MTZ9:1s9Ncg:FSrGXBosF0xNuedvlPdIstHGHL2h3Sm2sWYyvrTsgGc", "expire_date": "2024-06-04T11:25:38.979Z"}}, {"model": "sessions.session", "pk": "m117fj1ohhq0nkhz035jakv8hd9livpz", "fields": {"session_data": ".eJylkc1uhCAUhV-lYT0x_Iq67L59giYGLlhtHWxVFs1k3r0KJjKzmJp0c0LOvXz3cLkgUOOMqgt685hTvCqzq3Ia1AQnKgkOC7p1rje_vXJzN_-gyvm-P6GvsYOlgF4HZ9H1FMgk0JhIaEVQ9bSjYzmiRXTkHojFQDqcy0eDGcZH5_L9SVuGf8xq0s2EM0k2qfcMvHmEJPfILZO-_5z0WTyPzkEwjVdxAsYRfBRAE0BMqeJ6_wQsBPDTPJztWHcGVYyeUK383NZ-2ixE0I2nFXxatxbMh3LvQwaDm8dOZ2tLtlWn7GUwtn_eem8ArZra5XYhuRYkN1SUylrIC27KssAKpG2AA5GYCQ2lMppRwiyAlVLyRhFBgTfSoOsvTeT3Tw:1sC28h:URhj0AbCUw1SJXveC2etSpbtVHPunsL_0FdgRXgwTVk", "expire_date": "2024-06-11T19:05:39.434Z"}}, {"model": "sessions.session", "pk": "m1zjjgto59mn0ra3qhxv4ecnomcrzjlp", "fields": {"session_data": ".eJydkcsOgjAQRX_FzJpFX4jyK2pMeSVd4APbhSH8uzBD0kkTI3FzUy7cM7fDCHV4-XvfDlfXQKmLDGo7eChHOAdhlFhUt4sahdqgQyrR0ajrl0vyGezNO_-GEnLI4DG4evZBCSFgyhAsEaZzBjug2l0k02si5-QUsY-mPhWej8lcNlZvn2rifdYGf0_q-FLwLNkSq9jAdAlQMqJMiWuhKv0t_E5mT873ogyrKCgYVhB2W1yxODW0tNcf8TnvXT8_ni7TB55xuBs:1sDPYC:eDzHNJtf9x8bQ9kf5UzeAOVf4xmdMcHhWPa11ddcK3Q", "expire_date": "2024-06-15T14:17:40.176Z"}}, {"model": "sessions.session", "pk": "mfp92vump59loor0hf1d3q2i5ggzuuz6", "fields": {"session_data": ".eJydk8tqhTAQhl-lZC2Sq1GX3fcNCpJMYrUXPdW4KIfz7jUXMBVKD90MYWb-b_4Z8Yo6tbmh21a7dKNBLSKoyHNawZudfMG8qullLmGe3DLq0reUqbqWT7Ox74-p9wdgUOuwq2vJtSCVoaJR1kJVc9M0NVYgbQ8ciMRMaGiU0YwSZgGslJL3iggKvJceCmpxqL2i5w1zin1k1kdOQzQhEyMJGRZi6vTKz01NbnRfac3LMsKepxjjWxGwJKCYyFB1iOrh4MZy5IqYkYcbFt3o8G5OU4-hiGGM7pzKj22Sg39P6vOThDfJTqgPB7w_AVlGJGdiMqTPHyXfiVcx87vRDEujEGdYHLH3yWkmjw5VvOsf8l0P2-rmj_Q78KpArrugFt--AUJv7oI:1sF9Vy:7f_qIkYCcCk9ArvSVh-ycRy2AHG4FdFK1LgE0BxECZ4", "expire_date": "2024-06-20T09:34:34.069Z"}}, {"model": "sessions.session", "pk": "my6ilngfsnff8iq3ugxhhlh2mgc6n0l0", "fields": {"session_data": ".eJxVjDsOgzAQBe_iOrIw2KydMj1nQOvdJZAPlrCpotw9QXJDOzPvfRTtuaS3bOPC6mr9RY24l3ncc0XKqBOLSE9ZD8EPXO9JU1rLtkR9JLrarIfE8rrV9nQwY57_aw82OtNz6wKKUO8th-AbJJCJLBloOhcpIMeuNZ0QCQDYCY1ryU7A6vsD9r4-Ig:1sFFgi:UD59f8lknnSbVWl8p8Hw13ykXjlrqxsmhEpmebqhFdE", "expire_date": "2024-06-20T16:10:04.458Z"}}, {"model": "sessions.session", "pk": "n35jdk8wj75mgb6io0g4pohgfnjryynw", "fields": {"session_data": ".eJydUctugzAQ_JXK5wj5RQw59t4_qITWa9PQJtCCOVQR_178kHCQqka9rNazuzPj3RvBeXLD1Y5NZ8hJsANpYHbnZp4SRBi5wzTgh-19wbxD_zYUOPRu7HThW4pUnYqXwdjLc-q9IzjDdF6nKyV1yY6GlzVYi8dKmrquKKCyLUpkiopSYw1GC86ERbRKKdkCKznKVnlShNGR0428zlRy6qOwPkoeoglIjCwgIsTU6Se_Zuhd575XP3wl_Bw7tD6nlK5PNzi4NAmUK7YcghYL_KLM-KsQ4WkTi-UoVkZEbRZFtKhDXu-sZE7EauRBVbl9MTn4t1Kb7ynkLNur3hzI9ndCtidMfvT-UPmX5DEiO1pGd8S747DtODyy0UyLRq2HrHKejUfbEHf9x_iy_ADOWPjX:1sC1Jc:RPJG2u7y603qZEIeb8MqEz1MSRZcCGEgFo4af2cKNnc", "expire_date": "2024-06-11T18:12:52.157Z"}}, {"model": "sessions.session", "pk": "pycqct8zk5qwlbodlelxrkwnsbkar1zb", "fields": {"session_data": ".eJxVjjsOwyAQRO9CHSGDwWtSpvcZ0LKsg_MxksFVlLsnliiSdt7M07yEx70mvxfe_BLFWShx-s0C0p3XA8QbrtcsKa91W4I8KrLRIqcc-XFp3T9BwpK-6xFMsGqI2jpkpmE00bmxQwKeyZCCrreBHMbQa9UzEQOAmVFZTWaGQ0p7qfnZflr7_gDe5D4g:1sI8kf:lfF1AWcImEeDNFRcZdqPhRcTq7kKJp3ghjc2ZE6jdLo", "expire_date": "2024-06-28T15:22:05.062Z"}}, {"model": "sessions.session", "pk": "pyg2uc8a7n179bslhfii16bcqg5w2qyd", "fields": {"session_data": ".eJyNkctugzAQRX-l8jpCfmLIsvv-QSVkj02hD2jBLKqIfy9-SDioUbK5su54zlyPLwiW2Y1fdmp6g84cn1CjFtc1y5wsRNCVpxV82MEXzLsa3sYCxsFNvS78lSJV5-JlNPbzOd29AnRq7rbuSnItSGmoqJW1UFbc1HWFFUjbAgciMRMaamU0o4RZACul5K0iggJvpYeCmhw6X9DrgjnFXpn1ymlQE5yoJDgsaLrpO38WNbje_W55-Ab8nnqwfgsYr6eAJQHFRIaqgqqnnRvLkSuiI_c0LKbR4VwfppJ9KmIYowfH8v05KcL9UTcmtflOwplkO9R7At7eBpIjMOXRx0_Jn8TL6Byw9H8ujZ044-LIfSgWpVl7jKjiXu-0r-sfzrXslA:1sDQHn:FDr-3V8_NK6jg66pKpPFTKmnigI3sAmJvK8Zx2jCmAE", "expire_date": "2024-06-15T15:04:47.046Z"}}, {"model": "sessions.session", "pk": "q3uqxfj3iwvsygt7x3in05pr4iwuje00", "fields": {"session_data": ".eJylkUkKwzAMRa9StM5CHtIhZykUZwJDmrapvSghd28iGWyySAPdfIRkPX3JI1RmcFCMcPWoJS6qmkW1JK0pwyooo0jDy6Xz5U3vrPtA0fuuy-A52GougEREmDIiC6KpPKGdSc0hornM6Jwzp2hIsaGS4svWYLV_ro4rBQ9_zGrTy1AskkuW0YNut5BijQyeyvXnpGvpI2d2giW3YgJGBu8FyATALg2f9ydgJlT-7R73ZrjZGgqF0xfb8r7e:1sC0Ph:pWAJRAWKidob0LzAnrX8q70u4xqY6eIItuCUztavD5c", "expire_date": "2024-06-11T17:15:05.001Z"}}, {"model": "sessions.session", "pk": "qdiv1flv0c8ihi6qtaep9wkswnf3zmt0", "fields": {"session_data": ".eJxVjDsOgzAQBe_iOrJYbLOYMn3OgNbrJZAPlmxTRbl7gkSRtG_mzUuNtNV53IrkcYlqUKBOv1sgvsu6g3ij9Zo0p7XmJehd0Qct-pKiPM6H-xeYqczfd482OOhi6zyJcNfb6H3fEKNMbBmwMS6wpxhMC0aYBRHtROBathPuUd5KTU_JagDz_gAjkjzu:1s95fd:L6ImecsGagzjpldChOgCumfs2Q7Ei6r9deqiroGDr2w", "expire_date": "2024-06-03T16:15:29.697Z"}}, {"model": "sessions.session", "pk": "rldo6lm0amulgu1oekqf3eogp3uegco5", "fields": {"session_data": ".eJylkdsKgzAMhl9l5FohPbhDX2UTUadQ0B20Xoyxd9-aCC27GIXd_G3T5Mvf9AntMrvr2E2VPYNRRQZtPTkwTzgtqCV6VZ1XLUnPFGEVFFGka6avvC_1xVn3AHNZhiGD22TbzwW-MoIKAqkiAu1J602g8jVTC47sghfFXhraH370BIUIiX11eM3q4Y9efTwU2otoiE3woPtfSPGNXD013_8SP0tvOZIIllyKERgZnAqQEYBd1jzeBICzY1fNw9XNYI4gDgYxl_hRyIDWXAp_Ktdcn1a-3sSkzD0:1sDOEr:zjA-hwLDS6_DAVKJpSOF_ZHa-fWCq--iLQbhIKiwhX4", "expire_date": "2024-06-15T12:53:37.254Z"}}, {"model": "sessions.session", "pk": "rtdcm05rdh7doeog2iggmlymi07hwrpi", "fields": {"session_data": ".eJyNUclugzAQ_ZXKZ4S8Ysix9_5BJTReaGhTaMEcqoh_L14q3EhRuIysN_OWGV9RC4s7t8tsp7Y36IQIKnJMgf6wg2-YdxjexlKPg5t6VfqRMnXn8mU09vKcZv8JnGE-b-xaciVIZahowFpd1dw0TY1BS9tpronETCjdgFGMEma1tlJK3gERVPNOelG9zG78TDmp2ACYHDpd0euCOcW-Musrp6GagMRKAsJCTZOe-b3A4Hr3swXcDL6mXm8wohhjtBZBlwQtJjKtOlR42oVjOwqLiMg9DotxVHg3923ZcVe-r5MSPHYSN1YFcqODS5swIjD-c-_yO4U3ye6q9lS8u78Oydbpsozq9qPyNXkVkUOyNBJxJouj7DE6zegxIcRTP6Cv6y_hrfJ9:1sAvc5:yWYkMce_cW28bAoduRFcko_2I2SL7AFnSW3VC_GDjuc", "expire_date": "2024-06-08T17:55:25.214Z"}}, {"model": "sessions.session", "pk": "suu0kju8sozjtnc4rxs6b4n5q1pny9aj", "fields": {"session_data": ".eJxVjjsOwyAQRO9CHSGDwWtSpvcZ0LKsg_MxksFVlLsnliiSdt7M07yEx70mvxfe_BLFWShx-s0C0p3XA8QbrtcsKa91W4I8KrLRIqcc-XFp3T9BwpK-6xFMsGqI2jpkpmE00bmxQwKeyZCCrreBHMbQa9UzEQOAmVFZTWaGQ0p7qfnZfip4fwDe3D4e:1s9RcP:SCcjO3Krok9tz5fgeFkITt5O2ShM9ydUH10k2aHWq2k", "expire_date": "2024-06-04T15:41:37.991Z"}}, {"model": "sessions.session", "pk": "t0ghbd4mzq7mtsnbz2e2q340qa0ghzl8", "fields": {"session_data": ".eJylkU1uhDAMha9SZY1Q_iDAsvveoBJynFBoKbSQLKoRd--QIMHMYorUzVP07Hx-cS4E_ezGTzvVnSEVKxNSg3dt7efNIozceBrwww5rwbzD8DamOA5u6nS6tqRbdU5fRmP75633BtDC3F5vF0rqjOWGZyVYi3khTVkWFFDZBiUyRUWmsQSjBWfCIlqllGyAZRxlo1YowuRIdSGvnkpOVxV2VcmDmuBEZcERQbfO9ea3h8F17odUg-_7hHxNHV4LhFNKyZIEMgs0kR1oRVB42tGxHNFZdNQeSMRAOpzLR4PF-blyf9KW4R-zmuNmwpkdNqn3DLJ5hGT3yC2Tvv-c47NkHp2TYB6v0gOYRvBZAD8AYkqI6_0TsCy_BnH2hg:1sAY0f:jpCmA9warlBxrhKqdwQfAI9KFYCHB-1oWjs-t7_wfBA", "expire_date": "2024-06-07T16:43:13.129Z"}}, {"model": "sessions.session", "pk": "tr1x6q4jch2xq49cxifgg7e7a2b6ik5u", "fields": {"session_data": ".eJxVjEEOwiAQRe_C2pDSQgdcuvcMZJgZbNVAUtqV8e7apAvd_vfef6mI2zrFrckSZ1ZnZdTpd0tIDyk74DuWW9VUy7rMSe-KPmjT18ryvBzu38GEbfrWHmxyZuTeBRSh0VsOwXdIIJksGegGlyggp6E3gxAJANiMxvVkM7B6fwDsczhu:1s8FHC:bq37G-yVJI5BeI-RVaiEBqdiQKR6SfeVOW6rmPIu7XE", "expire_date": "2024-06-01T08:18:46.284Z"}}, {"model": "sessions.session", "pk": "u0cmrj3wsu9qeie3cad15p48vmgtbv2q", "fields": {"session_data": ".eJyNkN1uhCAQhV-l4XpjQAbRvdz7vkETMwxYbRtt_bloNr57FzBZarOpNwcyw_nmMFdW4zK39TK5se4sOzPBTmnNIL273jfsG_avQ0ZDP4-dyfyTbOtO2fNg3cdle_sL0OLU3tylBqNEYXNVoXNUlGCrquRI2jUEJDSXylCF1shcSEfktNbQoFA5QaM9lHCc2fnKXhYOIvcqVVAbtAyKT-EQ9zZwrypWdFAXNCDAhHvlwV8L9nM3f29b-Bw7cre75Jytp0NjISBlEuH_UQ8mNffsEQIBCCkqJIDmMVDsgVsek2D_fAmKWDmEzaORJ1gescfseWKPCTGudWeHvX9dfwB_-M4f:1sGiHT:tBJ3VNzNbDAY1qKkdWqlLF1FTPeLnuUW3HJxOtkOLwk", "expire_date": "2024-06-24T16:54:03.953Z"}}, {"model": "sessions.session", "pk": "u2s79uudccbpo97no8u86n2wn012b7dv", "fields": {"session_data": ".eJydkd1qhDAQhV-l5HqR_Brdy973DQoymcSu_dFW40VZfPeaRDAVli69OYQzM9-cJFfSwOwvzTy5seksORNGTrlnAN9cHwr2FfqXocCh92NnitBSbNWpeBqse3_cen8BLjBd1ulKS6NYabmqwTksK2nruqKA2rUokWkqlMEarBGcCYfotNayBaY4ylYHKM6THz62nFKsBoyenK_keaaS06DCBZU8qo1OUhYdEXXrDJNfM_S-899rQL5u-Bw7XH2uKF1OEcsiSqgMVUWFh52byomrkqP3NCKlMfFcH7buS4mglNy5Ve632RL8e1ObP0k8s-wJzZ5AtreB7Ajc8pjjn-RXkmVybv9DzuVpkmZcmrh3xeI8G08RIb3rH-PL8gP_NOxn:1sDTFd:FXT8-3x1GwMPSlplmaqi-3Kmz_Oo1baAThUVr3oa3io", "expire_date": "2024-06-15T18:14:45.437Z"}}, {"model": "sessions.session", "pk": "wro1d4tmjocm176ba6jzk36cq2ql1bca", "fields": {"session_data": ".eJxVjs0OgyAQhN-Fc0MEwRWPvfsMZlnWan8kATwZ372aeGhvk5lvJrOJAdcyDWvmNMxBdEKJ26_nkV68nEF44vKIkuJS0uzlicgrzbKPgd_3i_0bmDBPR7sF461qgrYOmalpTXCurZCARzKkoKqtJ4fB11rVTMQAYEZUVpMZ4RwlTEV0236oNZf4uR7rZv8CWg5Bag:1sAwDz:rbeWQob0D7X85i-Irbpm8J_uzt6Q5Kr3ANb4JYIV9bs", "expire_date": "2024-06-08T18:34:35.639Z"}}, {"model": "sessions.session", "pk": "x51326hs0axl3l4758b0rq6i23kjfukl", "fields": {"session_data": ".eJxVjjsOwjAQRO_iGlnxL2tT0ucM1nq9JuETS3FSIe4OkVJAO2_maV4i4raOcWu8xCmLs1Di9JslpDvPO8g3nK9VUp3XZUpyr8iDNjnUzI_L0f0TjNjG79qDTU71WbuAzNR7m0PwHRJwIUsKOuMSBczJaGWYiAHAFlROky2wS2lra30eP7V5fwDe1z4b:1sAtU9:f5ty9iI2U5NfawN9ClZ8SbWN6SaRLgbeOQR_DAoEZdM", "expire_date": "2024-06-08T15:39:05.737Z"}}, {"model": "sessions.session", "pk": "xzbo8aespvsdh6hhb2sfiviz2txjyhqj", "fields": {"session_data": ".eJydks1uhSAQhV-lmfWN4WcQddl936CJgQGr_dFWcdHc3Hevgsn1tklrujmQGc43B8IZaJ7C8ObHunNQKXECMmOA6gyPM0MuVpUqqotaRDV3ceHXNrJVVaroqD5qRKCN-3IFf8ymD134hAoEnOB97Mgve8kYXE6HxmJEyl2E_49qruETBSMR96wYAZtfiPw7cUtkd9wfl8I8VY5xRXKyHZcl7kG_2PlTRpOe9i__AqjNHNp6nrZ_AhxuatbQi-_Xhns2_dOQ0dCHsbPZeiTbulP2MDj_er-dvQG0ZmoXd6HRKp47oUrjPeUFurIsmCHtG0LimkllqTTOSsGlJ_Jaa2wMV4Kw0Q4uX2151JU:1sGx27:C34laTvS4XdxCEWo2i-iw9JEOATTnuuf9mmXKAWQ14M", "expire_date": "2024-06-25T08:39:11.321Z"}}, {"model": "sessions.session", "pk": "y13gm8jj8g83kv6ot1mys9oc2vzgqhcf", "fields": {"session_data": ".eJxVjEEOwiAQRe_C2pDSQgdcuvcMZJgZbNVAUtqV8e7apAvd_vfef6mI2zrFrckSZ1ZnZdTpd0tIDyk74DuWW9VUy7rMSe-KPmjT18ryvBzu38GEbfrWHmxyZuTeBRSh0VsOwXdIIJksGegGlyggp6E3gxAJANiMxvVkM7B6fwDsczhu:1s6oGM:DPebfNj7LaSAL-2-4_4Tw4VTrshpSqQobM7Nf2tMOIM", "expire_date": "2024-05-28T09:15:58.847Z"}}, {"model": "sessions.session", "pk": "zkc5vgw1q0v2k9kwj2ttyzl8rk9f7169", "fields": {"session_data": ".eJxVjjsOwyAQRO9CHSGDwWtSpvcZrGVZYudjJIOrKHdPkCiSdt7M07zEjEdZ5iPzPq9BnIUSp9_MI915qyDccLsmSWkr--plrchGs5xS4Meldf8EC-blux7BeKuGoK1DZhpGE5wbOyTgSIYUdL315DD4XqueiRgATERlNZkIVUpHLunZfmr9_gDe1T4a:1sAtRu:7AQ6LdicXK9ICccqD0segtrz72kgs-mOZC3Q4CSHvs4", "expire_date": "2024-06-08T15:36:46.658Z"}}, {"model": "bath.customer", "pk": 1, "fields": {"name": "Alex", "surname": null, "email": "kadissa70@gmail.com", "phone": "+79117019926"}}, {"model": "bath.customer", "pk": 2, "fields": {"name": "Alex", "surname": null, "email": "kadissa70@gmail.com", "phone": "+79117258896"}}, {"model": "bath.customer", "pk": 3, "fields": {"name": "darina", "surname": null, "email": "dd@wkw.com", "phone": "+7995220"}}, {"model": "bath.customer", "pk": 4, "fields": {"name": "sara", "surname": null, "email": "ffff@jjj.ggg", "phone": "+79117258896"}}, {"model": "bath.customer", "pk": 5, "fields": {"name": "Oleg", "surname": null, "email": "Oleg@oleg.com", "phone": "+79114855"}}, {"model": "bath.customer", "pk": 6, "fields": {"name": "Alex", "surname": null, "email": "alex@al.com", "phone": "+79117258896"}}, {"model": "bath.customer", "pk": 7, "fields": {"name": "Andrey", "surname": null, "email": "alex@al.com", "phone": "+89117258896"}}, {"model": "bath.customer", "pk": 8, "fields": {"name": "Andrey", "surname": null, "email": "alex@al.com", "phone": "+89117258896"}}, {"model": "bath.customer", "pk": 9, "fields": {"name": "Andrey", "surname": null, "email": "alex@al.com", "phone": "+89117258896"}}, {"model": "bath.customer", "pk": 13, "fields": {"name": "Andrey", "surname": null, "email": "alex@al.com", "phone": "+8911"}}, {"model": "bath.customer", "pk": 14, "fields": {"name": "ccc", "surname": null, "email": "ccc@ccc.com", "phone": "1237"}}, {"model": "bath.customer", "pk": 15, "fields": {"name": "deni", "surname": null, "email": "deni@gmail.com", "phone": "123"}}, {"model": "bath.customer", "pk": 16, "fields": {"name": "Алексей Барнёв", "surname": null, "email": "kadissa70@gmail.com", "phone": "89117019926"}}, {"model": "bath.customer", "pk": 17, "fields": {"name": "deni", "surname": null, "email": "dd@wr.cu", "phone": "123456"}}, {"model": "bath.customer", "pk": 18, "fields": {"name": "Danila", "surname": null, "email": "Danila@dan.com", "phone": "987654"}}, {"model": "bath.customer", "pk": 19, "fields": {"name": "kolian", "surname": null, "email": "kolian@kol.com", "phone": "020201"}}, {"model": "bath.customer", "pk": 20, "fields": {"name": "ccc", "surname": null, "email": "ccc@ccc.com", "phone": "1233"}}, {"model": "bath.customer", "pk": 21, "fields": {"name": "xxx", "surname": null, "email": "xxx@xx.xx", "phone": "1288"}}, {"model": "bath.customer", "pk": 22, "fields": {"name": "fff", "surname": null, "email": "iiiiiiiiii@jjj.ggg", "phone": "666"}}, {"model": "bath.customer", "pk": 23, "fields": {"name": "ssss", "surname": null, "email": "iiiiiiiiii@jjj.ggg", "phone": "777"}}, {"model": "bath.customer", "pk": 24, "fields": {"name": "asderft", "surname": null, "email": "vv@ww.vv", "phone": "777"}}, {"model": "bath.customer", "pk": 25, "fields": {"name": "asderft", "surname": null, "email": "vv@ww.vv", "phone": "555"}}, {"model": "bath.customer", "pk": 26, "fields": {"name": "Alex", "surname": null, "email": "alex@al.com", "phone": "65456"}}, {"model": "bath.customer", "pk": 27, "fields": {"name": "Andrey", "surname": null, "email": "ad@ad.com", "phone": "4455"}}, {"model": "bath.customer", "pk": 28, "fields": {"name": "kkk", "surname": null, "email": "kkk@kk.com", "phone": "111"}}, {"model": "bath.customer", "pk": 29, "fields": {"name": "gg", "surname": null, "email": "ggg@ggg.com", "phone": "333"}}, {"model": "bath.customer", "pk": 30, "fields": {"name": "bbbb", "surname": null, "email": "bbbb@b.com", "phone": "121212"}}, {"model": "bath.customer", "pk": 31, "fields": {"name": "alex", "surname": null, "email": "kadissa70@gmail.com", "phone": "552233"}}, {"model": "bath.customer", "pk": 32, "fields": {"name": "ldr", "surname": null, "email": "ldr@ldr.ru", "phone": "225566"}}, {"model": "bath.customer", "pk": 33, "fields": {"name": "llll", "surname": null, "email": "llll@ll.com", "phone": "882233"}}, {"model": "bath.customer", "pk": 34, "fields": {"name": "g", "surname": null, "email": "ggg@ggg.com", "phone": "555"}}, {"model": "bath.customer", "pk": 35, "fields": {"name": "Alex", "surname": null, "email": "kadissa70@gmail.com", "phone": "2211"}}, {"model": "bath.customer", "pk": 36, "fields": {"name": "eee", "surname": null, "email": "eeee@ee.ru", "phone": "220011"}}, {"model": "bath.customer", "pk": 37, "fields": {"name": "fff", "surname": null, "email": "ffff@jjj.ggg", "phone": "5566"}}, {"model": "bath.customer", "pk": 38, "fields": {"name": "Alex", "surname": null, "email": "alex@al.com", "phone": "2222"}}, {"model": "bath.customer", "pk": 39, "fields": {"name": "h", "surname": null, "email": "hf@fgh.dkj", "phone": "66"}}, {"model": "bath.customer", "pk": 40, "fields": {"name": "uuu", "surname": null, "email": "uuu@uuu.uu", "phone": "55566"}}, {"model": "bath.customer", "pk": 41, "fields": {"name": "dd", "surname": null, "email": "dd@wr.cu", "phone": "44"}}, {"model": "bath.customer", "pk": 42, "fields": {"name": "ddd", "surname": null, "email": "deni@gmail.com", "phone": "333"}}, {"model": "bath.customer", "pk": 43, "fields": {"name": "fff", "surname": null, "email": "ffff@jjj.ggg", "phone": "121"}}, {"model": "bath.customer", "pk": 44, "fields": {"name": "rtv", "surname": null, "email": "kkk@rt.ru", "phone": "55489"}}, {"model": "bath.customer", "pk": 45, "fields": {"name": "ddddd", "surname": null, "email": "ddddd@hh.com", "phone": "55555"}}, {"model": "bath.customer", "pk": 46, "fields": {"name": "ss", "surname": null, "email": "ss@ss.cc", "phone": "22"}}, {"model": "bath.customer", "pk": 47, "fields": {"name": "deni", "surname": null, "email": "deni@gmail.com", "phone": "44"}}, {"model": "bath.customer", "pk": 48, "fields": {"name": "oo", "surname": null, "email": "ooo@oo.oo", "phone": "0"}}, {"model": "bath.customer", "pk": 49, "fields": {"name": "Alex", "surname": null, "email": "alex@al.com", "phone": "1105"}}, {"model": "bath.customer", "pk": 50, "fields": {"name": "ggggg", "surname": null, "email": "ggg@ggg.com", "phone": "667"}}, {"model": "bath.customer", "pk": 51, "fields": {"name": "jj", "surname": null, "email": "jj@jj.jj", "phone": "3377"}}, {"model": "bath.customer", "pk": 52, "fields": {"name": "deyu", "surname": null, "email": "deyu@dert.dd", "phone": "2255"}}, {"model": "bath.customer", "pk": 53, "fields": {"name": "deni", "surname": null, "email": "dd@wr.cu", "phone": "5512"}}, {"model": "bath.customer", "pk": 54, "fields": {"name": "ghbdtn", "surname": null, "email": "ggg@ggg.com", "phone": "5543"}}, {"model": "bath.customer", "pk": 55, "fields": {"name": "Andrey", "surname": null, "email": "alex@al.com", "phone": "22314"}}, {"model": "bath.customer", "pk": 56, "fields": {"name": "deni", "surname": null, "email": "deni@gmail.com", "phone": "55"}}, {"model": "bath.product", "pk": 2, "fields": {"name": "Веник берёзовый", "quantity": null, "price": 300, "slug": "venik-beryozovyj", "description": "", "created_at": "2024-05-21T15:29:28.859Z", "updated_at": "2024-05-21T15:29:28.859Z"}}, {"model": "bath.product", "pk": 3, "fields": {"name": "Веник дубовый", "quantity": null, "price": 300, "slug": "venik", "description": "", "created_at": "2024-05-21T15:29:37.098Z", "updated_at": "2024-05-21T15:30:37.022Z"}}, {"model": "bath.product", "pk": 4, "fields": {"name": "Простыня", "quantity": null, "price": 100, "slug": "prostynya", "description": "", "created_at": "2024-05-21T15:29:51.242Z", "updated_at": "2024-05-21T15:29:51.242Z"}}, {"model": "bath.product", "pk": 5, "fields": {"name": "Полотенце", "quantity": null, "price": 100, "slug": "polotence", "description": "", "created_at": "2024-05-21T15:29:59.807Z", "updated_at": "2024-05-21T15:29:59.807Z"}}, {"model": "bath.product", "pk": 6, "fields": {"name": "Халат", "quantity": null, "price": 100, "slug": "halat", "description": "", "created_at": "2024-05-21T15:30:11.948Z", "updated_at": "2024-05-21T15:30:11.948Z"}}, {"model": "bath.product", "pk": 7, "fields": {"name": "Тапки", "quantity": null, "price": 100, "slug": "tapki", "description": "", "created_at": "2024-05-21T15:30:22.106Z", "updated_at": "2024-05-21T15:30:22.106Z"}}, {"model": "bath.appointment", "pk": 25, "fields": {"customer": 51, "status": "Не подтверждён", "date": "2024-06-10", "start_time": "20:00:00", "end_time": "22:00:00", "duration": "", "price": 4000, "services_price": 700, "full_price": 4700, "amount": 2, "source": null, "full_name": null, "comment": null, "tag": null, "people_count": null, "prepayment": null, "created_at": "2024-06-10T16:22:42.714Z", "updated_at": "2024-06-10T16:54:03.948Z"}}, {"model": "bath.appointment", "pk": 27, "fields": {"customer": 52, "status": "Не подтверждён", "date": "2024-06-11", "start_time": "18:00:00", "end_time": "20:00:00", "duration": "", "price": 4000, "services_price": 2000, "full_price": 6000, "amount": 2, "source": null, "full_name": null, "comment": null, "tag": null, "people_count": null, "prepayment": null, "created_at": "2024-06-11T08:35:40.780Z", "updated_at": "2024-06-11T08:39:11.315Z"}}, {"model": "bath.appointment", "pk": 28, "fields": {"customer": 53, "status": "Не подтверждён", "date": "2024-06-14", "start_time": "14:00:00", "end_time": "16:00:00", "duration": "", "price": 4000, "services_price": 0, "full_price": 4000, "amount": 2, "source": null, "full_name": null, "comment": null, "tag": null, "people_count": null, "prepayment": null, "created_at": "2024-06-14T15:18:46.347Z", "updated_at": "2024-06-14T15:18:46.347Z"}}, {"model": "bath.appointment", "pk": 29, "fields": {"customer": 54, "status": "Не подтверждён", "date": "2024-06-14", "start_time": "21:00:00", "end_time": "23:00:00", "duration": "", "price": 5000, "services_price": 0, "full_price": 5000, "amount": 2, "source": null, "full_name": null, "comment": null, "tag": null, "people_count": null, "prepayment": null, "created_at": "2024-06-14T15:21:35.376Z", "updated_at": "2024-06-14T15:21:35.376Z"}}, {"model": "bath.appointment", "pk": 30, "fields": {"customer": 56, "status": "Не подтверждён", "date": "2024-06-29", "start_time": "13:00:00", "end_time": "17:00:00", "duration": "", "price": 10000, "services_price": 400, "full_price": 10400, "amount": 4, "source": null, "full_name": null, "comment": null, "tag": null, "people_count": null, "prepayment": null, "created_at": "2024-06-14T16:01:33.630Z", "updated_at": "2024-06-14T16:43:52.915Z"}}, {"model": "bath.appointment", "pk": 31, "fields": {"customer": 56, "status": "Не подтверждён", "date": "2024-07-07", "start_time": "13:00:00", "end_time": "16:00:00", "duration": "", "price": 7500, "services_price": 1600, "full_price": 9100, "amount": 3, "source": null, "full_name": null, "comment": null, "tag": null, "people_count": null, "prepayment": null, "created_at": "2024-06-14T19:11:22.295Z", "updated_at": "2024-06-14T19:13:16.189Z"}}, {"model": "bath.appointmentitem", "pk": 1172, "fields": {"appointment": 25, "product": 2, "price": "300", "total_price": 300, "quantity": "1"}}, {"model": "bath.appointmentitem", "pk": 1173, "fields": {"appointment": 25, "product": 3, "price": "300", "total_price": 0, "quantity": ""}}, {"model": "bath.appointmentitem", "pk": 1174, "fields": {"appointment": 25, "product": 4, "price": "100", "total_price": 0, "quantity": ""}}, {"model": "bath.appointmentitem", "pk": 1175, "fields": {"appointment": 25, "product": 5, "price": "100", "total_price": 0, "quantity": ""}}, {"model": "bath.appointmentitem", "pk": 1176, "fields": {"appointment": 25, "product": 6, "price": "100", "total_price": 0, "quantity": ""}}, {"model": "bath.appointmentitem", "pk": 1177, "fields": {"appointment": 25, "product": 7, "price": "100", "total_price": 400, "quantity": "4"}}, {"model": "bath.appointmentitem", "pk": 1184, "fields": {"appointment": 27, "product": 2, "price": "300", "total_price": 600, "quantity": "2"}}, {"model": "bath.appointmentitem", "pk": 1185, "fields": {"appointment": 27, "product": 3, "price": "300", "total_price": 600, "quantity": "2"}}, {"model": "bath.appointmentitem", "pk": 1186, "fields": {"appointment": 27, "product": 4, "price": "100", "total_price": 200, "quantity": "2"}}, {"model": "bath.appointmentitem", "pk": 1187, "fields": {"appointment": 27, "product": 5, "price": "100", "total_price": 200, "quantity": "2"}}, {"model": "bath.appointmentitem", "pk": 1188, "fields": {"appointment": 27, "product": 6, "price": "100", "total_price": 200, "quantity": "2"}}, {"model": "bath.appointmentitem", "pk": 1189, "fields": {"appointment": 27, "product": 7, "price": "100", "total_price": 200, "quantity": "2"}}, {"model": "bath.appointmentitem", "pk": 1190, "fields": {"appointment": 30, "product": 2, "price": "300", "total_price": 0, "quantity": ""}}, {"model": "bath.appointmentitem", "pk": 1191, "fields": {"appointment": 30, "product": 3, "price": "300", "total_price": 0, "quantity": ""}}, {"model": "bath.appointmentitem", "pk": 1192, "fields": {"appointment": 30, "product": 4, "price": "100", "total_price": 0, "quantity": ""}}, {"model": "bath.appointmentitem", "pk": 1193, "fields": {"appointment": 30, "product": 5, "price": "100", "total_price": 400, "quantity": "4"}}, {"model": "bath.appointmentitem", "pk": 1194, "fields": {"appointment": 30, "product": 6, "price": "100", "total_price": 0, "quantity": ""}}, {"model": "bath.appointmentitem", "pk": 1195, "fields": {"appointment": 30, "product": 7, "price": "100", "total_price": 0, "quantity": ""}}, {"model": "bath.appointmentitem", "pk": 1196, "fields": {"appointment": 31, "product": 2, "price": "300", "total_price": 300, "quantity": "1"}}, {"model": "bath.appointmentitem", "pk": 1197, "fields": {"appointment": 31, "product": 3, "price": "300", "total_price": 600, "quantity": "2"}}, {"model": "bath.appointmentitem", "pk": 1198, "fields": {"appointment": 31, "product": 4, "price": "100", "total_price": 400, "quantity": "4"}}, {"model": "bath.appointmentitem", "pk": 1199, "fields": {"appointment": 31, "product": 5, "price": "100", "total_price": 200, "quantity": "2"}}, {"model": "bath.appointmentitem", "pk": 1200, "fields": {"appointment": 31, "product": 6, "price": "100", "total_price": 0, "quantity": "0"}}, {"model": "bath.appointmentitem", "pk": 1201, "fields": {"appointment": 31, "product": 7, "price": "100", "total_price": 100, "quantity": "1"}}, {"model": "bath.rotenburo", "pk": 5, "fields": {"appointment": 27, "start_time": "18", "end_time": "20", "amount": 2, "price": 4000}}, {"model": "bath.rotenburo", "pk": 6, "fields": {"appointment": 28, "start_time": "15", "end_time": "16", "amount": 1, "price": 2000}}, {"model": "bath.rotenburo", "pk": 7, "fields": {"appointment": 30, "start_time": "13", "end_time": "17", "amount": 4, "price": 10000}}, {"model": "bath.rotenburo", "pk": 8, "fields": {"appointment": 31, "start_time": "14", "end_time": "15", "amount": 1, "price": 2500}}, {"model": "bath.rotenburo", "pk": 9, "fields": {"appointment": 31, "start_time": "14", "end_time": "16", "amount": 2, "price": 5000}}]